0,1.6392550974045361,0.250390883864543,-0.7641478863442308,-0.7641478863442308,7.414875847531824,-7.414875847531824
0.1,1.63226837838264,0.2506236193131141,-0.8080674307598579,-0.8080674307598579,-7.394721241174231,7.394721241174231
0.2,1.625350657218978,0.250855027558879,-0.8511315962898183,-0.8511315962898183,-7.374624543931946,7.374624543931946
0.30000000000000004,1.6185008448848435,0.2510851237886478,-0.8933646415952331,-0.8933646415952331,-7.354590769753711,7.354590769753711
0.4,1.6117178760623059,0.2513139229243283,-0.9347899246604446,-0.9347899246604446,-7.334624529055032,7.334624529055032
0.5,1.605000708485785,0.25154143962915126,-0.9754299440213015,-0.9754299440213015,-7.314730056964589,7.314730056964589
0.6,1.598348322305821,0.25176768831371593,-1.0153063777550426,-1.0153063777550426,-7.294911239480726,7.294911239480726
0.7,1.5917597194742032,0.2519926831418558,-1.0544401203719378,-1.0544401203719378,-7.275171637706529,7.275171637706529
0.7999999999999999,1.5852339231495725,0.2522164380363347,-1.0928513177392156,-1.0928513177392156,-7.255514510317964,7.255514510317964
0.8999999999999999,1.578769977122734,0.2524389666843759,-1.130559400158198,-1.130559400158198,-7.235942834405353,7.235942834405353
0.9999999999999999,1.5723669452608764,0.2526602825430335,-1.1675831137077717,-1.1675831137077717,-7.216459324817092,7.216459324817092
1.0999999999999999,1.5660239109700038,0.2528803988444074,-1.2039405499587326,-1.2039405499587326,-7.1970664521220735,7.1970664521220735
1.2,1.5597399766748317,0.2530993286007123,-1.2396491741571796,-1.2396491741571796,-7.177766459298782,7.177766459298782
1.3,1.5535142633155332,0.2533170846092005,-1.2747258519677291,-1.2747258519677291,-7.1585613772484065,7.1585613772484065
1.4000000000000001,1.547345909860644,0.25353367945694766,-1.3091868748618012,-1.3091868748618012,-7.139453039222244,7.139453039222244
1.5000000000000002,1.5412340728355558,0.2537491255255041,-1.3430479842300773,-1.3430479842300773,-7.1204430942454895,7.1204430942454895
1.6000000000000003,1.5351779258659783,0.25396343499541646,-1.3763243942933632,-1.3763243942933632,-7.101533019612751,7.101533019612751
1.7000000000000004,1.5291766592358436,0.2541766198506243,-1.409030813880845,-1.409030813880845,-7.0827241325248345,7.0827241325248345
1.8000000000000005,1.5232294794590833,0.2543886918827355,-1.441181467140614,-1.441181467140614,-7.064017600930114,7.064017600930114
1.9000000000000006,1.5173356088647953,0.25459966269518514,-1.4727901132427452,-1.4727901132427452,-7.045414453629214,7.045414453629214
2.0000000000000004,1.5114942851952788,0.25480954370728115,-1.5038700651317427,-1.5038700651317427,-7.026915589696527,7.026915589696527
2.1000000000000005,1.5057047612165047,0.25501834615814034,-1.5344342073811887,-1.5344342073811887,-7.008521787268503,7.008521787268503
2.2000000000000006,1.4999663043405271,0.25522608111051825,-1.564495013200331,-1.564495013200331,-6.99023371174362,6.99023371174362
2.3000000000000007,1.4942781962594416,0.2554327594545379,-1.5940645606391812,-1.5940645606391812,-6.972051923436897,6.972051923436897
2.400000000000001,1.4886397325904546,0.2556383919113175,-1.6231545480356941,-1.6231545480356941,-6.953976884726967,6.953976884726967
2.500000000000001,1.4830502225316664,0.25584298903650393,-1.6517763087460655,-1.6517763087460655,-6.936008966731913,6.936008966731913
2.600000000000001,1.4775089885282096,0.25604656122371255,-1.6799408251965948,-1.6799408251965948,-6.918148455546982,6.918148455546982
2.700000000000001,1.472015365948338,0.256249118707877,-1.707658742293179,-1.707658742293179,-6.900395558074113,6.900395558074113
2.800000000000001,1.4665687027691638,0.25645067156851165,-1.7349403802223313,-1.7349403802223313,-6.882750407472241,6.882750407472241
2.9000000000000012,1.4611683592716613,0.25665122973289106,-1.7617957466758818,-1.7617957466758818,-6.865213068254013,6.865213068254013
3.0000000000000013,1.4558137077446471,0.2568508029791454,-1.7882345485289868,-1.7882345485289868,-6.847783541053146,6.847783541053146
3.1000000000000014,1.4505041321974095,0.2570494009392792,-1.8142662030000491,-1.8142662030000491,-6.830461767085059,6.830461767085059
3.2000000000000015,1.4452390280806973,0.25724703310211056,-1.8398998483188223,-1.8398998483188223,-6.813247632321004,6.813247632321004
3.3000000000000016,1.4400178020157774,0.2574437088161386,-1.8651443539280674,-1.8651443539280674,-6.796140971395589,6.796140971395589
3.4000000000000017,1.434839871531289,0.2576394372923368,-1.8900083302420245,-1.8900083302420245,-6.779141571264938,6.779141571264938
3.5000000000000018,1.4297046648076324,0.25783422760687746,-1.9145001379842137,-1.9145001379842137,-6.762249174632404,6.762249174632404
3.600000000000002,1.4246116204286359,0.25802808870378763,-1.9386278971253226,-1.9386278971253226,-6.745463483156967,6.745463483156967
3.700000000000002,1.4195601871402557,0.25822102939753955,-1.9623994954411734,-1.9623994954411734,-6.728784160458814,6.728784160458814
3.800000000000002,1.4145498236160792,0.25841305837557715,-1.9858225967093064,-1.9858225967093064,-6.712210834935208,6.712210834935208
3.900000000000002,1.4095799982294015,0.25860418420078113,-2.0089046485619213,-2.0089046485619213,-6.695743102399128,6.695743102399128
4.000000000000002,1.4046501888316623,0.25879441531387204,-2.0316528900116575,-2.0316528900116575,-6.679380528551763,6.679380528551763
4.100000000000001,1.3997598825370328,0.2589837600357578,-2.0540743586662864,-2.0540743586662864,-6.663122651300402,6.663122651300402
4.200000000000001,1.3949085755129451,0.25917222656982236,-2.0761758976468627,-2.0761758976468627,-6.646968982930578,6.646968982930578
4.300000000000001,1.3900957727763916,0.2593598230041597,-2.097964162223602,-2.097964162223602,-6.630919012142578,6.630919012142578
4.4,1.385320987995777,0.25954655731375537,-2.1194456261828125,-2.1194456261828125,-6.614972205960581,6.614972205960581
4.5,1.3805837432981716,0.2597324373626155,-2.1406265879374224,-2.1406265879374224,-6.599128011522558,6.599128011522558
4.6,1.375883569081783,0.2599174709058448,-2.161513176393025,-2.161513176393025,-6.583385857758408,6.583385857758408
4.699999999999999,1.3712200038334754,0.2601016655916771,-2.1821113565808714,-2.1821113565808714,-6.5677451569634435,6.5677451569634435
4.799999999999999,1.3665925939511785,0.26028502896345673,-2.202426935068423,-2.202426935068423,-6.552205306273566,6.552205306273566
4.899999999999999,1.362000893571044,0.260467568461575,-2.2224655651576044,-2.2224655651576044,-6.536765689048531,6.536765689048531
4.999999999999998,1.3574444643991819,0.26064929142536014,-2.2422327518804837,-2.2422327518804837,-6.52142567616865,6.52142567616865
5.099999999999998,1.352922875547845,0.26083020509492605,-2.2617338568014826,-2.2617338568014826,-6.5061846272507164,6.5061846272507164
5.1999999999999975,1.3484357033759204,0.2610103166129759,-2.2809741026346875,-2.2809741026346875,-6.491041891787596,6.491041891787596
5.299999999999997,1.3439825313336013,0.26118963302656595,-2.2999585776846536,-2.2999585776846536,-6.475996810216682,6.475996810216682
5.399999999999997,1.3395629498110921,0.26136816128882917,-2.3186922401183816,-2.3186922401183816,-6.461048714921126,6.461048714921126
5.4999999999999964,1.3351765559912503,0.2615459082606592,-2.337179922075948,-2.337179922075948,-6.446196931168307,6.446196931168307
5.599999999999996,1.330822953706014,0.2617228807123573,-2.3554263336268564,-2.3554263336268564,-6.431440777989056,6.431440777989056
5.699999999999996,1.3265017532965333,0.2618990853252406,-2.3734360665787184,-2.3734360665787184,-6.416779569001327,6.416779569001327
5.799999999999995,1.3222125714768662,0.2620745286932168,-2.391213598144792,-2.391213598144792,-6.402212613181866,6.402212613181866
5.899999999999995,1.317955031201141,0.262249217324322,-2.408763294476268,-2.408763294476268,-6.387739215588532,6.387739215588532
5.999999999999995,1.313728761534095,0.26242315764222474,-2.4260894140651734,-2.4260894140651734,-6.373358678036818,6.373358678036818
6.099999999999994,1.3095333975248615,0.26259635598769826,-2.4431961110233913,-2.4431961110233913,-6.3590702997328306,6.3590702997328306
6.199999999999994,1.3053685800839379,0.2627688186200585,-2.460087438242888,-2.460087438242888,-6.344873377865558,6.344873377865558
6.299999999999994,1.301233955863215,0.2629405517185723,-2.476767350442299,-2.476767350442299,-6.330767208160847,6.330767208160847
6.399999999999993,1.2971291771390023,0.26311156138383407,-2.4932397071044745,-2.4932397071044745,-6.316751085399335,6.316751085399335
6.499999999999993,1.2930539016979365,0.26328185363911333,-2.5095082753095537,-2.5095082753095537,-6.3028243039004135,6.3028243039004135
6.5999999999999925,1.2890077927257133,0.2634514344316725,-2.525576732467848,-2.525576732467848,-6.288986157974356,6.288986157974356
6.699999999999992,1.2849905186985406,0.2636203096340573,-2.5414486689566638,-2.5414486689566638,-6.275235942344388,6.275235942344388
6.799999999999992,1.2810017532772475,0.2637884850453592,-2.557127590664965,-2.557127590664965,-6.261572952540603,6.261572952540603
6.8999999999999915,1.2770411752039679,0.26395596639245034,-2.5726169214495034,-2.5726169214495034,-6.247996485267113,6.247996485267113
6.999999999999991,1.2731084682013263,0.2641227593311939,-2.587920005506181,-2.587920005506181,-6.234505838744446,6.234505838744446
7.099999999999991,1.2692033208740503,0.2642888694476274,-2.6030401096598332,-2.6030401096598332,-6.221100313028155,6.221100313028155
7.19999999999999,1.265325426612948,0.26445430225912275,-2.6179804255758587,-2.6179804255758587,-6.207779210305479,6.207779210305479
7.29999999999999,1.2614744835011829,0.2646190632155201,-2.6327440718965196,-2.6327440718965196,-6.194541835170976,6.194541835170976
7.39999999999999,1.257650194222768,0.26478315770024025,-2.6473340963052454,-2.6473340963052454,-6.181387494882635,6.181387494882635
7.499999999999989,1.2538522659732414,0.26494659103137275,-2.6617534775214553,-2.6617534775214553,-6.16831549959949,6.16831549959949
7.599999999999989,1.2500804103724406,0.2651093684627414,-2.6760051272286782,-2.6760051272286782,-6.15532516260177,6.15532516260177
7.699999999999989,1.2463343433793246,0.2652714951849495,-2.6900918919386667,-2.6900918919386667,-6.142415800494772,6.142415800494772
7.799999999999988,1.2426137852087975,0.26543297632640134,-2.7040165547937844,-2.7040165547937844,-6.129586733397208,6.129586733397208
7.899999999999988,1.2389184602504586,0.26559381695430523,-2.71778183731023,-2.71778183731023,-6.1168372851151815,6.1168372851151815
7.999999999999988,1.2352480969892434,0.2657540220756548,-2.7313904010640964,-2.7313904010640964,-6.104166783302323,6.104166783302323
8.099999999999987,1.2316024279278974,0.2659135966381905,-2.7448448493227295,-2.7448448493227295,-6.091574559607196,6.091574559607196
8.199999999999987,1.2279811895112283,0.26607254553134335,-2.7581477286232383,-2.7581477286232383,-6.079059949808636,6.079059949808636
8.299999999999986,1.2243841220520986,0.2662308735871574,-2.7713015303000916,-2.7713015303000916,-6.066622293939495,6.066622293939495
8.399999999999986,1.2208109696591036,0.2663885855811959,-2.7843086919639646,-2.7843086919639646,-6.054260936399894,6.054260936399894
8.499999999999986,1.217261480165894,0.2665456862334281,-2.7971715989333807,-2.7971715989333807,-6.0419752260602815,6.0419752260602815
8.599999999999985,1.213735405062092,0.2667021802091,-2.8098925856209807,-2.8098925856209807,-6.0297645163549625,6.0297645163549625
8.699999999999985,1.2102324994257723,0.26685807211958634,-2.8224739368761513,-2.8224739368761513,-6.017628165366829,6.017628165366829
8.799999999999985,1.2067525218574515,0.2670133665232266,-2.834917889285414,-2.834917889285414,-6.0055655359034885,6.0055655359034885
8.899999999999984,1.203295234415557,0.26716806792614556,-2.8472266324324558,-2.8472266324324558,-5.993575995565788,5.993575995565788
8.999999999999984,1.1998604025533275,0.26732218078305614,-2.8594023101187833,-2.8594023101187833,-5.981658916808569,5.981658916808569
9.099999999999984,1.196447795057117,0.2674757094980483,-2.8714470215468606,-2.8714470215468606,-5.969813676994713,5.969813676994713
9.199999999999983,1.1930571839860595,0.26762865842536215,-2.8833628224668395,-2.8833628224668395,-5.958039658442527,5.958039658442527
9.299999999999983,1.1896883446130577,0.2677810318701456,-2.8951517262881517,-2.8951517262881517,-5.9463362484668965,5.9463362484668965
9.399999999999983,1.18634105536707,0.2679328340891989,-2.9068157051573795,-2.9068157051573795,-5.934702839414769,5.934702839414769
9.499999999999982,1.1830150977766505,0.2680840692917035,-2.918356691003442,-2.918356691003442,-5.92313882869513,5.92313882869513
9.599999999999982,1.1797102564147233,0.26823474163993805,-2.929776576551256,-2.929776576551256,-5.911643618803872,5.911643618803872
9.699999999999982,1.1764263188445394,0.26838485524998124,-2.94107721630514,-2.94107721630514,-5.90021661734388,5.90021661734388
9.799999999999981,1.1731630755668188,0.2685344141923994,-2.9522604275026496,-2.9522604275026496,-5.888857237040611,5.888857237040611
9.89999999999998,1.1699203199680086,0.2686834224929242,-2.963327991040428,-2.963327991040428,-5.877564895753571,5.877564895753571
9.99999999999998,1.1666978482696588,0.2688318841331149,-2.9742816523723112,-2.9742816523723112,-5.866339016483592,5.866339016483592
10.09999999999998,1.1634954594788727,0.26897980305101005,-2.9851231223813546,-2.9851231223813546,-5.855179027376645,5.855179027376645
10.19999999999998,1.160312955339814,0.26912718314176665,-2.9958540782262046,-2.9958540782262046,-5.844084361724122,5.844084361724122
10.29999999999998,1.1571501402862343,0.26927402825828706,-3.00647616416277,-3.00647616416277,-5.8330544579597925,5.8330544579597925
10.399999999999979,1.1540068213950043,0.2694203422118347,-3.0169909923421705,-3.0169909923421705,-5.822088759653796,5.822088759653796
10.499999999999979,1.1508828083406173,0.2695661287726391,-3.0274001435856817,-3.0274001435856817,-5.811186715503841,5.811186715503841
10.599999999999978,1.147777913350646,0.2697113916704889,-3.0377051681373204,-3.0377051681373204,-5.800347779323644,5.800347779323644
10.699999999999978,1.144691951162131,0.26985613459531455,-3.047907586395013,-3.047907586395013,-5.7895714100290245,5.7895714100290245
10.799999999999978,1.1416247389788643,0.2700003611977603,-3.0580088896209285,-3.0580088896209285,-5.778857071621539,5.778857071621539
10.899999999999977,1.1385760964295668,0.2701440750897463,-3.0680105406317377,-3.0680105406317377,-5.768204233170175,5.768204233170175
10.999999999999977,1.1355458455269187,0.2702872798450202,-3.0779139744693493,-3.0779139744693493,-5.757612368790817,5.757612368790817
11.099999999999977,1.132533810627439,0.2704299789996988,-3.0877205990529077,-3.0877205990529077,-5.747080957624071,5.747080957624071
11.199999999999976,1.129539818392177,0.27057217605280004,-3.0974317958125406,-3.0974317958125406,-5.736609483811194,5.736609483811194
11.299999999999976,1.1265636977482092,0.27071387446676654,-3.107048920305477,-3.107048920305477,-5.726197436468552,5.726197436468552
11.399999999999975,1.123605279850919,0.2708550776679779,-3.1165733028151514,-3.1165733028151514,-5.715844309660477,5.715844309660477
11.499999999999975,1.1206643980470332,0.270995789047256,-3.1260062489338045,-3.1260062489338045,-5.70554960237089,5.70554960237089
11.599999999999975,1.117740887838411,0.2711360119603601,-3.135349040129042,-3.135349040129042,-5.695312818473528,5.695312818473528
11.699999999999974,1.1148345868465523,0.2712757497284736,-3.144602934295028,-3.144602934295028,-5.685133466701107,5.685133466701107
11.799999999999974,1.111945334777825,0.27141500563868265,-3.1537691662885963,-3.1537691662885963,-5.675011060613358,5.675011060613358
11.899999999999974,1.1090729733893725,0.2715537829444461,-3.1628489484509315,-3.1628489484509315,-5.664945118564097,5.664945118564097
11.999999999999973,1.1062173464557103,0.27169208486605745,-3.17184347111514,-3.17184347111514,-5.654935163667383,5.654935163667383
12.099999999999973,1.103378299735982,0.2718299145910986,-3.180753903100266,-3.180753903100266,-5.6449807237629495,5.6449807237629495
12.199999999999973,1.1005556809418504,0.271967275274886,-3.189581392192008,-3.189581392192008,-5.63508133138066,5.63508133138066
12.299999999999972,1.097749339706033,0.27210417004090925,-3.198327065610787,-3.198327065610787,-5.625236523704565,5.625236523704565
12.399999999999972,1.0949591275514454,0.2722406019812622,-3.2069920304673545,-3.2069920304673545,-5.61544584253622,5.61544584253622
12.499999999999972,1.0921848978609485,0.27237657415706623,-3.215577374206355,-3.215577374206355,-5.60570883425736,5.60570883425736
12.599999999999971,1.0894265058476846,0.272512089598887,-3.2240841650383087,-3.2240841650383087,-5.5960250497922805,5.5960250497922805
12.69999999999997,1.0866838085259896,0.27264715130714373,-3.2325134523602896,-3.2325134523602896,-5.5863940445696505,5.5863940445696505
12.79999999999997,1.0839566646828598,0.27278176225251205,-3.2408662671656154,-3.2408662671656154,-5.576815378483967,5.576815378483967
12.89999999999997,1.0812449348499802,0.2729159253763194,-3.2491436224430075,-3.2491436224430075,-5.5672886158567625,5.5672886158567625
12.99999999999997,1.0785484812762731,0.2730496435909345,-3.257346513565306,-3.257346513565306,-5.557813325397316,5.557813325397316
13.09999999999997,1.0758671679009888,0.2731829197801497,-3.2654759186683795,-3.2654759186683795,-5.548389080163435,5.548389080163435
13.199999999999969,1.0732008603272905,0.2733157567995577,-3.27353279902017,-3.27353279902017,-5.539015457521711,5.539015457521711
13.299999999999969,1.070549425796357,0.27344815747692164,-3.281518099380454,-3.281518099380454,-5.529692039107873,5.529692039107873
13.399999999999968,1.067912733161962,0.27358012461253867,-3.2894327483514028,-3.2894327483514028,-5.520418410786803,5.520418410786803
13.499999999999968,1.0652906528655426,0.2737116609795985,-3.2972776587193113,-3.2972776587193113,-5.511194162612644,5.511194162612644
13.599999999999968,1.062683056911727,0.2738427693245354,-3.305053727787742,-3.305053727787742,-5.502018888788688,5.502018888788688
13.699999999999967,1.060089818844329,0.27397345236737425,-3.312761837702248,-3.312761837702248,-5.492892187627342,5.492892187627342
13.799999999999967,1.0575108137227838,0.27410371280207196,-3.320402855767102,-3.320402855767102,-5.483813661510041,5.483813661510041
13.899999999999967,1.0549459180990242,0.27423355329685234,-3.327977634754048,-3.327977634754048,-5.47478291684718,5.47478291684718
13.999999999999966,1.0523950099947867,0.274362976494536,-3.3354870132034735,-3.3354870132034735,-5.465799564038127,5.465799564038127
14.099999999999966,1.0498579688793328,0.27449198501286487,-3.34293181571808,-3.34293181571808,-5.456863217431208,5.456863217431208
14.199999999999966,1.0473346756475879,0.27462058144482165,-3.350312853249485,-3.350312853249485,-5.447973495283994,5.447973495283994
14.299999999999965,1.04482501259867,0.2747487683589438,-3.357630923377605,-3.357630923377605,-5.439130019723414,5.439130019723414
14.399999999999965,1.0423288634148233,0.2748765482996331,-3.3648868105834353,-3.3648868105834353,-5.4303324167062454,5.4303324167062454
14.499999999999964,1.039846113140726,0.2750039237874596,-3.372081286515071,-3.372081286515071,-5.421580315979623,5.421580315979623
14.599999999999964,1.0373766481631788,0.27513089731946133,-3.379215110247336,-3.379215110247336,-5.412873351041708,5.412873351041708
14.699999999999964,1.0349203561911624,0.27525747136943884,-3.386289028535194,-3.386289028535194,-5.404211159102628,5.404211159102628
14.799999999999963,1.0324771262362502,0.2753836483882456,-3.3933037760610407,-3.3933037760610407,-5.395593381045503,5.395593381045503
14.899999999999963,1.0300468485933758,0.2755094308040733,-3.400260075676102,-3.400260075676102,-5.387019661387746,5.387019661387746
14.999999999999963,1.027629414821949,0.27563482102273307,-3.4071586386360826,-3.4071586386360826,-5.3784896482425655,5.3784896482425655
15.099999999999962,1.0252247177273022,0.2757598214279322,-3.414000164831249,-3.414000164831249,-5.370002993280692,5.370002993280692
15.199999999999962,1.0228326513424717,0.2758844343815468,-3.420785343011052,-3.420785343011052,-5.361559351692331,5.361559351692331
15.299999999999962,1.0204531109103052,0.27600866222388926,-3.4275148510034397,-3.4275148510034397,-5.353158382149387,5.353158382149387
15.399999999999961,1.0180859928658785,0.27613250727397326,-3.4341893559291403,-3.4341893559291403,-5.344799746767973,5.344799746767973
15.499999999999961,1.015731194819229,0.27625597182977324,-3.4408095144108057,-3.4408095144108057,-5.3364831110711055,5.3364831110711055
15.59999999999996,1.0133886155383898,0.2763790581684806,-3.4473759727773805,-3.4473759727773805,-5.3282081439517555,5.3282081439517555
15.69999999999996,1.0110581549327242,0.2765017685467555,-3.453889367263702,-3.453889367263702,-5.3199745176361235,5.3199745176361235
15.79999999999996,1.0087397140365466,0.2766241052009758,-3.460350324205504,-3.460350324205504,-5.311781907647256,5.311781907647256
15.89999999999996,1.006433194993035,0.27674607034748056,-3.4667594602299125,-3.4667594602299125,-5.30362999276889,5.30362999276889
15.99999999999996,1.0041385010384147,0.27686766618281206,-3.4731173824416413,-3.4731173824416413,-5.295518455009639,5.295518455009639
16.09999999999996,1.0018555364864277,0.276988894883952,-3.479424688604861,-3.479424688604861,-5.287446979567523,5.287446979567523
16.19999999999996,0.9995842067130581,0.2771097586085553,-3.4856819673209474,-3.4856819673209474,-5.2794152547946585,5.2794152547946585
16.29999999999996,0.9973244181415271,0.27723025949518065,-3.4918897982022887,-3.4918897982022887,-5.271422972162431,5.271422972162431
16.399999999999963,0.995076078227545,0.2773503996635165,-3.4980487520420107,-3.4980487520420107,-5.263469826226873,5.263469826226873
16.499999999999964,0.9928390954448133,0.2774701812146049,-3.5041593909800692,-3.5041593909800692,-5.255555514594403,5.255555514594403
16.599999999999966,0.9906133792707761,0.2775896062310612,-3.510222268665454,-3.510222268665454,-5.247679737887856,5.247679737887856
16.699999999999967,0.9883988401726106,0.2777086767772907,-3.516237930414891,-3.516237930414891,-5.239842199712843,5.239842199712843
16.79999999999997,0.9861953895934608,0.2778273948997022,-3.522206913367929,-3.522206913367929,-5.232042606624461,5.232042606624461
16.89999999999997,0.9840029399388963,0.2779457626269186,-3.528129746638704,-3.528129746638704,-5.224280668094295,5.224280668094295
16.99999999999997,0.981821404563606,0.2780637819699838,-3.534006951464176,-3.534006951464176,-5.216556096477735,5.216556096477735
17.099999999999973,0.9796506977583109,0.27818145492256696,-3.539839041349277,-3.539839041349277,-5.208868606981651,5.208868606981651
17.199999999999974,0.9774907347368971,0.2782987834611642,-3.5456265222087904,-3.5456265222087904,-5.201217917632393,5.201217917632393
17.299999999999976,0.9753414316237643,0.2784157695452965,-3.5513698925061172,-3.5513698925061172,-5.193603749244069,5.193603749244069
17.399999999999977,0.9732027054413852,0.2785324151177052,-3.557069643389103,-3.557069643389103,-5.186025825387223,5.186025825387223
17.49999999999998,0.9710744740980705,0.2786487221045448,-3.562726258822803,-3.562726258822803,-5.178483872357785,5.178483872357785
17.59999999999998,0.9689566563759348,0.2787646924155726,-3.568340215719493,-3.568340215719493,-5.170977619146361,5.170977619146361
17.69999999999998,0.966849171919063,0.27888032794433637,-3.573911984065796,-3.573911984065796,-5.16350679740785,5.16350679740785
17.799999999999983,0.9647519412218735,0.2789956305683577,-3.5794420270470777,-3.5794420270470777,-5.156071141431365,5.156071141431365
17.899999999999984,0.9626648856176658,0.2791106021493151,-3.584930801169323,-3.584930801169323,-5.148670388110576,5.148670388110576
17.999999999999986,0.9605879272673613,0.2792252445332223,-3.5903787563781737,-3.5903787563781737,-5.141304276914181,5.141304276914181
18.099999999999987,0.9585209891484279,0.2793395595506051,-3.5957863361756512,-3.5957863361756512,-5.13397254985695,5.13397254985695
18.19999999999999,0.9564639950439744,0.27945354901667613,-3.601153977734321,-3.601153977734321,-5.126674951470827,5.126674951470827
18.29999999999999,0.9544168695320379,0.27956721473150564,-3.606482112009,-3.606482112009,-5.119411228776552,5.119411228776552
18.39999999999999,0.9523795379750324,0.2796805584801915,-3.6117711638462424,-3.6117711638462424,-5.112181131255539,5.112181131255539
18.499999999999993,0.9503519265093688,0.27979358203302596,-3.617021552091402,-3.617021552091402,-5.104984410821992,5.104984410821992
18.599999999999994,0.9483339620352482,0.2799062871456597,-3.6222336896935388,-3.6222336896935388,-5.0978208217954615,5.0978208217954615
18.699999999999996,0.9463255722066093,0.28001867555926535,-3.627407983808153,-3.627407983808153,-5.090690120873634,5.090690120873634
18.799999999999997,0.9443266854212462,0.2801307490006959,-3.6325448358976624,-3.6325448358976624,-5.083592067105416,5.083592067105416
18.9,0.9423372308110739,0.2802425091826439,-3.6376446418299886,-3.6376446418299886,-5.076526421864381,5.076526421864381
19.,0.9403571382325574,0.28035395780379635,-3.6427077919749964,-3.6427077919749964,-5.069492948822535,5.069492948822535
19.1,0.9383863382572857,0.2804650965489884,-3.647734671298937,-3.647734671298937,-5.062491413924273,5.062491413924273
19.200000000000003,0.9364247621626965,0.28057592708935464,-3.6527256594570385,-3.6527256594570385,-5.055521585360765,5.055521585360765
19.300000000000004,0.9344723419229497,0.2806864510824786,-3.657681130884175,-3.657681130884175,-5.048583233544575,5.048583233544575
19.400000000000006,0.9325290101999429,0.28079667017253945,-3.662601454883629,-3.662601454883629,-5.041676131084584,5.041676131084584
19.500000000000007,0.9305947003344617,0.28090658599045815,-3.6674869957141865,-3.6674869957141865,-5.034800052761197,5.034800052761197
19.60000000000001,0.9286693463374797,0.28101620015403966,-3.6723381126753445,-3.6723381126753445,-5.0279547755018825,5.0279547755018825
19.70000000000001,0.9267528828815822,0.28112551426811516,-3.677155160190866,-3.677155160190866,-5.021140078356945,5.021140078356945
19.80000000000001,0.9248452452925323,0.2812345299246811,-3.681938487890708,-3.681938487890708,-5.0143557424756535,5.0143557424756535
19.900000000000013,0.9229463695409618,0.2813432487030364,-3.6866884406911433,-3.6866884406911433,-5.007601551082531,5.007601551082531
20.000000000000014,0.9210561922341927,0.2814516721699186,-3.6914053588735185,-3.6914053588735185,-5.000877289454093,5.000877289454093
20.100000000000016,0.9191746506081839,0.28155980187963786,-3.6960895781612404,-3.6960895781612404,-4.99418274489573,4.99418274489573
20.200000000000017,0.9173016825196028,0.28166763937420825,-3.700741429795354,-3.700741429795354,-4.987517706718903,4.987517706718903
20.30000000000002,0.915437226438017,0.2817751861834789,-3.705361240608608,-3.705361240608608,-4.980881966218648,4.980881966218648
20.40000000000002,0.9135812214382054,0.28188244382526206,-3.7099493330980335,-3.7099493330980335,-4.97427531665129,4.97427531665129
20.50000000000002,0.9117336071925866,0.2819894138054604,-3.714506025496144,-3.714506025496144,-4.967697553212495,4.967697553212495
20.600000000000023,0.9098943239637641,0.2820960976181915,-3.7190316318406698,-3.7190316318406698,-4.961148473015507,4.961148473015507
20.700000000000024,0.9080633125971805,0.2822024967459123,-3.7235264620430586,-3.7235264620430586,-4.9546278750697255,4.9546278750697255
20.800000000000026,0.9062405145138859,0.28230861265954027,-3.727990821955483,-3.727990821955483,-4.9481355602594626,4.9481355602594626
20.900000000000027,0.9044258717034157,0.2824144468185739,-3.7324250134367034,-3.7324250134367034,-4.941671331323033,4.941671331323033
21.00000000000003,0.9026193267167713,0.28252000067121175,-3.736829334416571,-3.736829334416571,-4.935234992832047,4.935234992832047
21.10000000000003,0.90082082265951,0.2826252756544695,-3.7412040789593,-3.7412040789593,-4.928826351170974,4.928826351170974
21.20000000000003,0.8990303031849373,0.28273027319429533,-3.7455495373255605,-3.7455495373255605,-4.922445214516948,4.922445214516948
21.300000000000033,0.8972477124873998,0.2828349947056844,-3.7498659960333365,-3.7498659960333365,-4.916091392819808,4.916091392819808
21.400000000000034,0.8954729952956784,0.28293944159279133,-3.754153737917661,-3.754153737917661,-4.909764697782407,4.909764697782407
21.500000000000036,0.8937060968664787,0.28304361524904187,-3.758413042189228,-3.758413042189228,-4.903464942841175,4.903464942841175
21.600000000000037,0.8919469629780183,0.2831475170572419,-3.762644184491797,-3.762644184491797,-4.897191943146797,4.897191943146797
21.70000000000004,0.8901955399237101,0.28325114838968674,-3.766847436958702,-3.766847436958702,-4.89094551554536,4.89094551554536
21.80000000000004,0.8884517745059339,0.2833545106082674,-3.7710230682680503,-3.7710230682680503,-4.884725478559438,4.884725478559438
21.90000000000004,0.8867156140299063,0.2834576050645765,-3.7751713436971057,-3.7751713436971057,-4.878531652369682,4.878531652369682
22.000000000000043,0.8849870062976335,0.2835604331000129,-3.779292525175549,-3.779292525175549,-4.872363858796458,4.872363858796458
22.100000000000044,0.8832658996019567,0.28366299604588396,-3.783386871337724,-3.783386871337724,-4.866221921281765,4.866221921281765
22.200000000000045,0.8815522427206816,0.28376529522350774,-3.7874546375739766,-3.7874546375739766,-4.860105664871374,4.860105664871374
22.300000000000047,0.8798459849107966,0.2838673319443132,-3.791496076081015,-3.791496076081015,-4.854014916197208,4.854014916197208
22.40000000000005,0.8781470759027699,0.28396910750993937,-3.795511435911331,-3.795511435911331,-4.847949503459901,4.847949503459901
22.50000000000005,0.8764554658949322,0.284070623212333,-3.799500963021683,-3.799500963021683,-4.8419092564115465,4.8419092564115465
22.60000000000005,0.8747711055479404,0.2841718803338456,-3.803464900320794,-3.803464900320794,-4.835894006338773,4.835894006338773
22.700000000000053,0.8730939459793203,0.2842728801473283,-3.8074034877160328,-3.8074034877160328,-4.8299035860458766,4.8299035860458766
22.800000000000054,0.8714239387580849,0.28437362391622667,-3.811316962159334,-3.811316962159334,-4.823937829838273,4.823937829838273
22.900000000000055,0.8697610358994343,0.2844741128946734,-3.815205557692283,-3.815205557692283,-4.817996573506095,4.817996573506095
23.000000000000057,0.8681051898595283,0.2845743483275802,-3.8190695054903285,-3.8190695054903285,-4.812079654308005,4.812079654308005
23.10000000000006,0.8664563535303322,0.2846743314507291,-3.822909033906251,-3.822909033906251,-4.80618691095522,4.80618691095522
23.20000000000006,0.8648144802345411,0.28477406349086104,-3.8267243685127665,-3.8267243685127665,-4.800318183595695,4.800318183595695
23.30000000000006,0.8631795237205678,0.28487354566576556,-3.8305157321445042,-3.8305157321445042,-4.794473313798564,4.794473313798564
23.400000000000063,0.861551438157609,0.2849727791843676,-3.834283344939081,-3.834283344939081,-4.788652144538704,4.788652144538704
23.500000000000064,0.8599301781307774,0.28507176524681394,-3.8380274243775085,-3.8380274243775085,-4.782854520181517,4.782854520181517
23.600000000000065,0.8583156986363005,0.28517050504455893,-3.84174818532391,-3.84174818532391,-4.777080286467901,4.777080286467901
23.700000000000067,0.8567079550767928,0.28526899976044795,-3.8454458400644373,-3.8454458400644373,-4.771329290499403,4.771329290499403
23.800000000000068,0.8551069032565851,0.2853672505688017,-3.8491205983456247,-3.8491205983456247,-4.76560138072356,4.76560138072356
23.90000000000007,0.8535124993771289,0.28546525863549754,-3.85277266741193,-3.85277266741193,-4.759896406919384,4.759896406919384
24.00000000000007,0.8519247000324558,0.28556302511805143,-3.8564022520427415,-3.8564022520427415,-4.754214220183092,4.754214220183092
24.100000000000072,0.850343462204705,0.28566055116569766,-3.860009554588601,-3.860009554588601,-4.748554672913921,4.748554672913921
24.200000000000074,0.8487687432597112,0.28575783791946874,-3.863594775006931,-3.863594775006931,-4.742917618800204,4.742917618800204
24.300000000000075,0.8472005009426551,0.2858548865122731,-3.867158110897024,-3.867158110897024,-4.737302912805562,4.737302912805562
24.400000000000077,0.8456386933737695,0.28595169806897297,-3.870699757534477,-3.870699757534477,-4.731710411155275,4.731710411155275
24.500000000000078,0.844083279044109,0.28604827370646074,-3.874219907905007,-3.874219907905007,-4.7261399713228185,4.7261399713228185
24.60000000000008,0.8425342168113751,0.28614461453373446,-3.877718752737711,-3.877718752737711,-4.720591452016585,4.720591452016585
24.70000000000008,0.8409914658957987,0.2862407216519727,-3.881196480537714,-3.881196480537714,-4.715064713166732,4.715064713166732
24.800000000000082,0.8394549858760793,0.2863365961546081,-3.8846532776182707,-3.8846532776182707,-4.7095596159122195,4.7095596159122195
24.900000000000084,0.8379247366853796,0.2864322391274005,-3.888089328132308,-3.888089328132308,-4.7040760225879925,4.7040760225879925
25.000000000000085,0.8364006786073727,0.286527651648509,-3.891504814103454,-3.891504814103454,-4.698613796712326,4.698613796712326
25.100000000000087,0.834882772272346,0.2866228347885629,-3.894899915456487,-3.894899915456487,-4.693172802974294,4.693172802974294
25.200000000000088,0.8333709786533527,0.2867177896107322,-3.8982748100472984,-3.8982748100472984,-4.687752907221427,4.687752907221427
25.30000000000009,0.831865259062421,0.28681251717079753,-3.901629673692372,-3.901629673692372,-4.682353976447533,4.682353976447533
25.40000000000009,0.8303655751468104,0.2869070185172183,-3.904964680197683,-3.904964680197683,-4.676975878780594,4.676975878780594
25.500000000000092,0.8288718888853186,0.28700129469120084,-3.9082800013871957,-3.9082800013871957,-4.671618483470889,4.671618483470889
25.600000000000094,0.8273841625846389,0.28709534672676584,-3.9115758071308386,-3.9115758071308386,-4.666281660879212,4.666281660879212
25.700000000000095,0.8259023588757647,0.28718917565081437,-3.914852265371993,-3.914852265371993,-4.660965282465244,4.660965282465244
25.800000000000097,0.8244264407104441,0.28728278248319344,-3.9181095421545544,-3.9181095421545544,-4.655669220776062,4.655669220776062
25.900000000000098,0.8229563713576807,0.2873761682367609,-3.9213478016495174,-3.9213478016495174,-4.650393349434822,4.650393349434822
26.0000000000001,0.8214921144002776,0.28746933391744983,-3.924567206181159,-3.924567206181159,-4.645137543129501,4.645137543129501
26.1000000000001,0.8200336337314305,0.28756228052433164,-3.927767916252722,-3.927767916252722,-4.639901677601869,4.639901677601869
26.200000000000102,0.8185808935513686,0.2876550090496784,-3.9309500905717103,-3.9309500905717103,-4.634685629636523,4.634685629636523
26.300000000000104,0.8171338583640299,0.28774752047902535,-3.9341138860747584,-3.9341138860747584,-4.629489277050056,4.629489277050056
26.400000000000105,0.8156924929737913,0.2878398157912316,-3.9372594579521234,-3.9372594579521234,-4.624312498680421,4.624312498680421
26.500000000000107,0.8142567624822327,0.28793189595854096,-3.940386959671697,-3.940386959671697,-4.619155174376338,4.619155174376338
26.600000000000108,0.8128266322849514,0.28802376194664153,-3.9434965430027114,-3.9434965430027114,-4.6140171849868965,4.6140171849868965
26.70000000000011,0.8114020680684085,0.28811541471472496,-3.946588358038985,-3.946588358038985,-4.608898412351229,4.608898412351229
26.80000000000011,0.8099830358068243,0.2882068552155449,-3.9496625532218266,-3.9496625532218266,-4.603798739288332,4.603798739288332
26.900000000000112,0.8085695017591118,0.2882980843954749,-3.952719275362587,-3.952719275362587,-4.598718049587043,4.598718049587043
27.000000000000114,0.8071614324658483,0.288389103194565,-3.9557586696647666,-3.9557586696647666,-4.593656227996064,4.593656227996064
27.100000000000115,0.8057587947462842,0.2884799125465995,-3.9587808797458646,-3.9587808797458646,-4.588613160214147,4.588613160214147
27.200000000000117,0.8043615556953987,0.28857051337915124,-3.9617860476587863,-3.9617860476587863,-4.583588732880413,4.583588732880413
27.300000000000118,0.8029696826809825,0.28866090661363814,-3.964774313912975,-3.964774313912975,-4.57858283356474,4.57858283356474
27.40000000000012,0.8015831433407671,0.2887510931653772,-3.9677458174951634,-3.9677458174951634,-4.573595350758321,4.573595350758321
27.50000000000012,0.8002019055795823,0.28884107394363867,-3.970700695889775,-3.970700695889775,-4.568626173864242,4.568626173864242
27.600000000000122,0.7988259375665583,0.28893084985169964,-3.973639085099083,-3.973639085099083,-4.563675193188302,4.563675193188302
27.700000000000124,0.7974552077323602,0.2890204217868964,-3.9765611196629536,-3.9765611196629536,-4.558742299929833,4.558742299929833
27.800000000000125,0.7960896847664514,0.2891097906406777,-3.9794669326783416,-3.9794669326783416,-4.553827386172674,4.553827386172674
27.900000000000126,0.7947293376144038,0.28919895729865497,-3.9823566558183945,-3.9823566558183945,-4.548930344876236,4.548930344876236
28.000000000000128,0.7933741354752316,0.2892879226406548,-3.9852304193513914,-3.9852304193513914,-4.544051069866698,4.544051069866698
28.10000000000013,0.7920240477987646,0.2893766875407685,-3.9880883521592208,-3.9880883521592208,-4.539189455828268,4.539189455828268
28.20000000000013,0.7906790442830504,0.28946525286740304,-3.990930581755725,-3.990930581755725,-4.534345398294598,4.534345398294598
28.300000000000132,0.7893390948717942,0.2895536194833292,-3.9937572343045824,-3.9937572343045824,-4.529518793640218,4.529518793640218
28.400000000000134,0.7880041697518261,0.28964178824573183,-3.996568434637112,-3.996568434637112,-4.52470953907218,4.52470953907218
28.500000000000135,0.7866742393506015,0.2897297600062576,-3.9993643062696362,-3.9993643062696362,-4.51991753262171,4.51991753262171
28.600000000000136,0.7853492743337344,0.2898175356110628,-4.002144971420643,-4.002144971420643,-4.515142673135997,4.515142673135997
28.700000000000138,0.7840292456025593,0.2899051159008606,-4.004910551027642,-4.004910551027642,-4.51038486027004,4.51038486027004
28.80000000000014,0.782714124291725,0.2899925017109682,-4.007661164763849,-4.007661164763849,-4.505643994478695,4.505643994478695
28.90000000000014,0.7814038817668171,0.2900796938713527,-4.010396931054489,-4.010396931054489,-4.500919977008656,4.500919977008656
29.000000000000142,0.7800984896220076,0.2901666932066778,-4.013117967092969,-4.013117967092969,-4.496212709890662,4.496212709890662
29.100000000000144,0.7787979196777393,0.2902535005363481,-4.01582438885667,-4.01582438885667,-4.49152209593173,4.49152209593173
29.200000000000145,0.7775021439784364,0.29034011667455406,-4.018516311122633,-4.018516311122633,-4.486848038707504,4.486848038707504
29.300000000000146,0.7762111347902363,0.2904265424303175,-4.021193847482931,-4.021193847482931,-4.482190442554657,4.482190442554657
29.400000000000148,0.7749248645987634,0.29051277860753383,-4.023857110359774,-4.023857110359774,-4.477549212563454,4.477549212563454
29.50000000000015,0.7736433061069146,0.2905988260050168,-4.026506211020469,-4.026506211020469,-4.472924254570291,4.472924254570291
29.60000000000015,0.772366432232684,0.2906846854165406,-4.029141259592105,-4.029141259592105,-4.468315475150438,4.468315475150438
29.700000000000152,0.7710942161070057,0.29077035763088305,-4.031762365075991,-4.031762365075991,-4.463722781610769,4.463722781610769
29.800000000000153,0.7698266310716294,0.2908558434318672,-4.034369635361969,-4.034369635361969,-4.459146081982647,4.459146081982647
29.900000000000155,0.7685636506770178,0.2909411435984028,-4.036963177242347,-4.036963177242347,-4.454585285014835,4.454585285014835
30.000000000000156,0.7673052486802687,0.291026258904528,-4.039543096425826,-4.039543096425826,-4.4500403001665285,4.4500403001665285
30.100000000000158,0.7660513990430652,0.29111119011944986,-4.04210949755106,-4.04210949755106,-4.445511037600451,4.445511037600451
30.20000000000016,0.7648020759296502,0.2911959380075843,-4.044662484200064,-4.044662484200064,-4.440997408176032,4.440997408176032
30.30000000000016,0.763557253704821,0.29128050332859684,-4.047202158911465,-4.047202158911465,-4.436499323442653,4.436499323442653
30.400000000000162,0.7623169069319551,0.29136488683744094,-4.049728623193465,-4.049728623193465,-4.432016695632967,4.432016695632967
30.500000000000163,0.7610810103710539,0.291449089284398,-4.052241977536699,-4.052241977536699,-4.427549437656355,4.427549437656355
30.600000000000165,0.7598495389768093,0.29153311141511584,-4.054742321426872,-4.054742321426872,-4.423097463092348,4.423097463092348
30.700000000000166,0.7586224678967011,0.29161695397064646,-4.057229753357163,-4.057229753357163,-4.418660686184229,4.418660686184229
30.800000000000168,0.7573997724691061,0.29170061768748434,-4.059704370840503,-4.059704370840503,-4.414239021832616,4.414239021832616
30.90000000000017,0.7561814282214385,0.291784103297604,-4.062166270421704,-4.062166270421704,-4.409832385589228,4.409832385589228
31.00000000000017,0.754967410868308,0.29186741152849666,-4.064615547689276,-4.064615547689276,-4.405440693650584,4.405440693650584
31.100000000000172,0.7537576963096991,0.2919505431032073,-4.0670522972872085,-4.0670522972872085,-4.401063862851903,4.401063862851903
31.200000000000173,0.7525522606291756,0.29203349874037093,-4.069476612926546,-4.069476612926546,-4.396701810660993,4.396701810660993
31.300000000000175,0.7513510800921034,0.2921162791542482,-4.071888587396698,-4.071888587396698,-4.392354455172223,4.392354455172223
31.400000000000176,0.7501541311438942,0.29219888505476166,-4.074288312576769,-4.074288312576769,-4.38802171510061,4.38802171510061
31.500000000000178,0.7489613904082708,0.2922813171475301,-4.076675879446513,-4.076675879446513,-4.383703509775882,4.383703509775882
31.60000000000018,0.7477728346855508,0.2923635761339043,-4.079051378097303,-4.079051378097303,-4.379399759136682,4.379399759136682
31.70000000000018,0.746588440950954,0.29244566271100114,-4.081414897742863,-4.081414897742863,-4.375110383724837,4.375110383724837
31.800000000000182,0.7454081863529267,0.29252757757173736,-4.083766526729823,-4.083766526729823,-4.370835304679645,4.370835304679645
31.900000000000183,0.7442320482114841,0.2926093214048643,-4.086106352548197,-4.086106352548197,-4.366574443732245,4.366574443732245
32.000000000000185,0.7430600040165766,0.2926908948950004,-4.088434461841629,-4.088434461841629,-4.362327723200065,4.362327723200065
32.100000000000186,0.7418920314264701,0.292772298722665,-4.090750940417568,-4.090750940417568,-4.358095065981317,4.358095065981317
32.20000000000019,0.7407281082661489,0.2928535335643111,-4.093055873257247,-4.093055873257247,-4.353876395549571,4.353876395549571
32.30000000000019,0.7395682125257347,0.29293460009235706,-4.09534934452551,-4.09534934452551,-4.3496716359483605,4.3496716359483605
32.40000000000019,0.7384123223589223,0.29301549897521995,-4.097631437580546,-4.097631437580546,-4.345480711785835,4.345480711785835
32.50000000000019,0.7372604160814388,0.2930962308773467,-4.0999022349835155,-4.0999022349835155,-4.3413035482295745,4.3413035482295745
32.60000000000019,0.7361124721695147,0.29317679645924544,-4.102161818507874,-4.102161818507874,-4.33714007100131,4.33714007100131
32.700000000000195,0.7349684692583759,0.29325719637751707,-4.104410269148763,-4.104410269148763,-4.332990206371821,4.332990206371821
32.800000000000196,0.7338283861407504,0.29333743128488604,-4.106647667132175,-4.106647667132175,-4.328853881155825,4.328853881155825
32.9000000000002,0.732692201765395,0.29341750183023096,-4.108874091923971,-4.108874091923971,-4.324731022706975,4.324731022706975
33.0000000000002,0.7315598952356355,0.2934974086586147,-4.111089622238806,-4.111089622238806,-4.320621558912824,4.320621558912824
33.1000000000002,0.7304314458079268,0.29357715241131455,-4.11329433604895,-4.11329433604895,-4.3165254181899755,4.3165254181899755
33.2000000000002,0.7293068328904255,0.2936567337258521,-4.115488310592936,-4.115488310592936,-4.31244252947916,4.31244252947916
33.3000000000002,0.7281860360415824,0.29373615323602204,-4.117671622384098,-4.117671622384098,-4.308372822240426,4.308372822240426
33.400000000000205,0.7270690349687481,0.2938154115719218,-4.119844347219029,-4.119844347219029,-4.304316226448397,4.304316226448397
33.500000000000206,0.7259558095267964,0.29389450935998024,-4.122006560185912,-4.122006560185912,-4.300272672587562,4.300272672587562
33.60000000000021,0.7248463397167605,0.293973447222986,-4.124158335672649,-4.124158335672649,-4.296242091647576,4.296242091647576
33.70000000000021,0.723740605684487,0.29405222578011597,-4.126299747375017,-4.126299747375017,-4.292224415118686,4.292224415118686
33.80000000000021,0.7226385877193039,0.29413084564696335,-4.128430868304632,-4.128430868304632,-4.28821957498717,4.28821957498717
33.90000000000021,0.7215402662527041,0.29420930743556484,-4.1305517707967745,-4.1305517707967745,-4.284227503730795,4.284227503730795
34.00000000000021,0.720445621857042,0.29428761175442897,-4.132662526518207,-4.132662526518207,-4.280248134314411,4.280248134314411
34.100000000000215,0.7193546352442461,0.2943657592085623,-4.134763206474775,-4.134763206474775,-4.276281400185479,4.276281400185479
34.200000000000216,0.718267287264545,0.2944437503994971,-4.136853881018985,-4.136853881018985,-4.272327235269733,4.272327235269733
34.30000000000022,0.7171835589052094,0.2945215859253177,-4.138934619857439,-4.138934619857439,-4.2683855739668735,4.2683855739668735
34.40000000000022,0.7161034312893039,0.2945992663806868,-4.141005492058185,-4.141005492058185,-4.264456351146264,4.264456351146264
34.50000000000022,0.7150268856744569,0.2946767923568717,-4.1430665660579375,-4.1430665660579375,-4.2605395021427155,4.2605395021427155
34.60000000000022,0.7139539034516429,0.29475416444177055,-4.145117909669281,-4.145117909669281,-4.256634962752335,4.256634962752335
34.70000000000022,0.7128844661439753,0.2948313832199373,-4.147159590087641,-4.147159590087641,-4.252742669228331,4.252742669228331
34.800000000000225,0.7118185554055177,0.29490844927260756,-4.149191673898308,-4.149191673898308,-4.248862558276985,4.248862558276985
34.900000000000226,0.7107561530201015,0.29498536317772395,-4.151214227083267,-4.151214227083267,-4.244994567053543,4.244994567053543
35.00000000000023,0.7096972409001636,0.2950621255099605,-4.153227315027969,-4.153227315027969,-4.241138633158259,4.241138633158259
35.10000000000023,0.7086418010855915,0.2951387368407477,-4.15523100252801,-4.15523100252801,-4.237294694632383,4.237294694632383
35.20000000000023,0.7075898157425835,0.29521519773829674,-4.157225353795741,-4.157225353795741,-4.233462689954301,4.233462689954301
35.30000000000023,0.7065412671625191,0.2952915087676241,-4.159210432466737,-4.159210432466737,-4.229642558035596,4.229642558035596
35.40000000000023,0.7054961377608447,0.295367670490575,-4.1611863016062385,-4.1611863016062385,-4.225834238217237,4.225834238217237
35.500000000000234,0.7044544100759692,0.29544368346584776,-4.163153023715487,-4.163153023715487,-4.222037670265793,4.222037670265793
35.600000000000236,0.7034160667681724,0.2955195482490167,-4.165110660737934,-4.165110660737934,-4.2182527943696435,4.2182527943696435
35.70000000000024,0.7023810906185225,0.29559526539255626,-4.167059274065458,-4.167059274065458,-4.214479551135288,4.214479551135288
35.80000000000024,0.7013494645278111,0.29567083544586337,-4.168998924544419,-4.168998924544419,-4.210717881583651,4.210717881583651
35.90000000000024,0.7003211715154943,0.29574625895528056,-4.170929672481639,-4.170929672481639,-4.2069677271464405,4.2069677271464405
36.00000000000024,0.6992961947186463,0.29582153646411885,-4.172851577650375,-4.172851577650375,-4.203229029662563,4.203229029662563
36.10000000000024,0.6982745173909246,0.29589666851268026,-4.174764699296153,-4.174764699296153,-4.199501731374525,4.199501731374525
36.200000000000244,0.6972561229015493,0.2959716556382796,-4.176669096142513,-4.176669096142513,-4.195785774924953,4.195785774924953
36.300000000000246,0.6962409947342864,0.296046498375267,-4.178564826396736,-4.178564826396736,-4.19208110335306,4.19208110335306
36.40000000000025,0.6952291164864498,0.29612119725504926,-4.180451947755432,-4.180451947755432,-4.188387660091215,4.188387660091215
36.50000000000025,0.694220471867906,0.2961957528061123,-4.182330517410134,-4.182330517410134,-4.184705388961504,4.184705388961504
36.60000000000025,0.6932150447000973,0.2962701655540417,-4.184200592052716,-4.184200592052716,-4.181034234172369,4.181034234172369
36.70000000000025,0.692212818915068,0.29634443602154453,-4.186062227880868,-4.186062227880868,-4.177374140315251,4.177374140315251
36.80000000000025,0.691213778554507,0.29641856472847034,-4.187915480603388,-4.187915480603388,-4.1737250523612754,4.1737250523612754
36.900000000000254,0.6902179077687958,0.2964925521918316,-4.189760405445442,-4.189760405445442,-4.170086915657973,4.170086915657973
37.000000000000256,0.6892251908160689,0.29656639892582515,-4.1915970571538015,-4.1915970571538015,-4.1664596759260375,4.1664596759260375
37.10000000000026,0.6882356120612851,0.2966401054418516,-4.19342549000193,-4.19342549000193,-4.162843279256104,4.162843279256104
37.20000000000026,0.6872491559753031,0.296713672248537,-4.195245757795103,-4.195245757795103,-4.159237672105581,4.159237672105581
37.30000000000026,0.6862658071339763,0.29678709985175156,-4.197057913875382,-4.197057913875382,-4.155642801295509,4.155642801295509
37.40000000000026,0.6852855502172468,0.29686038875463056,-4.198862011126534,-4.198862011126534,-4.152058614007435,4.152058614007435
37.50000000000026,0.6843083700082553,0.29693353945759354,-4.2006581019789575,-4.2006581019789575,-4.1484850577803245,4.1484850577803245
37.600000000000264,0.6833342513924581,0.2970065524583644,-4.202446238414454,-4.202446238414454,-4.144922080507536,4.144922080507536
37.700000000000266,0.682363179356754,0.2970794282519902,-4.204226471971007,-4.204226471971007,-4.141369630433772,4.141369630433772
37.80000000000027,0.6813951389886188,0.29715216733086064,-4.2059988537474595,-4.2059988537474595,-4.137827656152107,4.137827656152107
37.90000000000027,0.6804301154752515,0.2972247701847274,-4.20776343440817,-4.20776343440817,-4.134296106601044,4.134296106601044
38.00000000000027,0.6794680941027262,0.29729723730072233,-4.209520264187547,-4.209520264187547,-4.130774931061551,4.130774931061551
38.10000000000027,0.6785090602551536,0.2973695691633769,-4.211269392894625,-4.211269392894625,-4.127264079154181,4.127264079154181
38.20000000000027,0.6775529994138534,0.29744176625464025,-4.2130108699174915,-4.2130108699174915,-4.123763500836217,4.123763500836217
38.300000000000274,0.6765998971565316,0.2975138290538978,-4.21474474422768,-4.21474474422768,-4.120273146398803,4.120273146398803
38.400000000000276,0.6756497391564703,0.297585758037989,-4.216471064384564,-4.216471064384564,-4.116792966464157,4.116792966464157
38.50000000000028,0.6747025111817201,0.29765755368122643,-4.21818987853962,-4.21818987853962,-4.1133229119827766,4.1133229119827766
38.60000000000028,0.6737581990943083,0.29772921645541234,-4.219901234440693,-4.219901234440693,-4.109862934230683,4.109862934230683
38.70000000000028,0.6728167888494468,0.2978007468298574,-4.221605179436149,-4.221605179436149,-4.106412984806689,4.106412984806689
38.80000000000028,0.6718782664947573,0.2978721452713977,-4.223301760479077,-4.223301760479077,-4.102973015629736,4.102973015629736
38.90000000000028,0.6709426181694931,0.2979434122444126,-4.224991024131318,-4.224991024131318,-4.09954297893614,4.09954297893614
39.000000000000284,0.670009830103782,0.29801454821084145,-4.226673016567549,-4.226673016567549,-4.09612282727706,4.09612282727706
39.100000000000286,0.6690798886178628,0.29808555363020134,-4.228347783579222,-4.228347783579222,-4.09271251351576,4.09271251351576
39.20000000000029,0.6681527801213429,0.2981564289596035,-4.23001537057856,-4.23001537057856,-4.089311990825098,4.089311990825098
39.30000000000029,0.6672284911124525,0.2982271746537705,-4.231675822602401,-4.231675822602401,-4.0859212126849265,4.0859212126849265
39.40000000000029,0.6663070081773143,0.29829779116505256,-4.233329184316056,-4.233329184316056,-4.082540132879552,4.082540132879552
39.50000000000029,0.6653883179892146,0.2983682789434444,-4.23497550001713,-4.23497550001713,-4.079168705495222,4.079168705495222
39.60000000000029,0.664472407307885,0.29843863843660157,-4.236614813639232,-4.236614813639232,-4.07580688491763,4.07580688491763
39.700000000000294,0.663559262978791,0.29850887008985655,-4.238247168755713,-4.238247168755713,-4.072454625829447,4.072454625829447
39.800000000000296,0.6626488719324276,0.2985789743462344,-4.239872608583273,-4.239872608583273,-4.069111883207878,4.069111883207878
39.9000000000003,0.6617412211836193,0.29864895164647004,-4.241491175985658,-4.241491175985658,-4.065778612322248,4.065778612322248
40.0000000000003,0.6608362978308333,0.2987188024290224,-4.243102913477175,-4.243102913477175,-4.062454768731613,4.062454768731613
40.1000000000003,0.6599340890554907,0.2987885271300915,-4.244707863226235,-4.244707863226235,-4.059140308282364,4.059140308282364
40.2000000000003,0.6590345821212926,0.2988581261836332,-4.246306067058832,-4.246306067058832,-4.055835187105904,4.055835187105904
40.3000000000003,0.6581377643735496,0.2989276000213747,-4.24789756646199,-4.24789756646199,-4.0525393616163115,4.0525393616163115
40.400000000000304,0.6572436232385166,0.29899694907283,-4.249482402587178,-4.249482402587178,-4.049252788508033,4.049252788508033
40.500000000000306,0.6563521462227363,0.2990661737653148,-4.251060616253653,-4.251060616253653,-4.045975424753615,4.045975424753615
40.60000000000031,0.6554633209123881,0.29913527452396205,-4.252632247951805,-4.252632247951805,-4.042707227601443,4.042707227601443
40.70000000000031,0.6545771349726437,0.29920425177173626,-4.254197337846422,-4.254197337846422,-4.039448154573491,4.039448154573491
40.80000000000031,0.6536935761470294,0.29927310592944834,-4.2557559257799245,-4.2557559257799245,-4.036198163463124,4.036198163463124
40.90000000000031,0.6528126322567941,0.2993418374157706,-4.257308051275614,-4.257308051275614,-4.032957212332915,4.032957212332915
41.00000000000031,0.6519342912002842,0.2994104466472506,-4.258853753540773,-4.258853753540773,-4.02972525951244,4.02972525951244
41.100000000000314,0.6510585409523217,0.2994789340383264,-4.260393071469858,-4.260393071469858,-4.026502263596151,4.026502263596151
41.200000000000315,0.6501853695635936,0.2995473000013403,-4.261926043647556,-4.261926043647556,-4.023288183441242,4.023288183441242
41.30000000000032,0.6493147651600442,0.2996155449465526,-4.263452708351853,-4.263452708351853,-4.02008297816556,4.02008297816556
41.40000000000032,0.6484467159422704,0.2996836692821566,-4.264973103557037,-4.264973103557037,-4.016886607145457,4.016886607145457
41.50000000000032,0.647581210184929,0.29975167341429176,-4.2664872669367195,-4.2664872669367195,-4.013699030013801,4.013699030013801
41.60000000000032,0.646718236236146,0.2998195577470577,-4.267995235866751,-4.267995235866751,-4.010520206657865,4.010520206657865
41.70000000000032,0.6458577825169318,0.2998873226825277,-4.269497047428141,-4.269497047428141,-4.00735009721733,4.00735009721733
41.800000000000324,0.6449998375206015,0.2999549686207629,-4.270992738409949,-4.270992738409949,-4.004188662082255,4.004188662082255
41.900000000000325,0.6441443898122047,0.3000224959598248,-4.272482345312151,-4.272482345312151,-4.001035861891116,4.001035861891116
42.00000000000033,0.6432914280279549,0.3000899050957891,-4.273965904348387,-4.273965904348387,-3.997891657528791,3.997891657528791
42.10000000000033,0.6424409408746689,0.3001571964227592,-4.275443451448828,-4.275443451448828,-3.9947560101246533,3.9947560101246533
42.20000000000033,0.6415929171292093,0.3002243703328786,-4.276915022262866,-4.276915022262866,-3.9916288810506066,3.9916288810506066
42.30000000000033,0.6407473456379335,0.3002914272163447,-4.278380652161864,-4.278380652161864,-3.9885102319191894,3.9885102319191894
42.40000000000033,0.6399042153161476,0.30035836746142097,-4.279840376241813,-4.279840376241813,-3.9854000245816503,3.9854000245816503
42.500000000000334,0.6390635151475654,0.3004251914544501,-4.281294229326017,-4.281294229326017,-3.9822982211261095,3.9822982211261095
42.600000000000335,0.6382252341837726,0.30049189957986644,-4.282742245967686,-4.282742245967686,-3.9792047838756472,3.9792047838756472
42.70000000000034,0.6373893615436943,0.3005584922202092,-4.284184460452577,-4.284184460452577,-3.9761196753865025,3.9761196753865025
42.80000000000034,0.6365558864130728,0.3006249697561342,-4.285620906801522,-4.285620906801522,-3.9730428584462323,3.9730428584462323
42.90000000000034,0.6357247980439434,0.30069133256642644,-4.287051618772968,-4.287051618772968,-3.969974296071892,3.969974296071892
43.00000000000034,0.6348960857541204,0.3007575810280127,-4.288476629865498,-4.288476629865498,-3.966913951508251,3.966913951508251
43.10000000000034,0.6340697389266874,0.3008237155159729,-4.289895973320279,-4.289895973320279,-3.963861788226021,3.963861788226021
43.200000000000344,0.6332457470094868,0.30088973640355354,-4.291309682123574,-4.291309682123574,-3.96081776992009,3.96081776992009
43.300000000000345,0.6324240995146233,0.30095564406217806,-4.292717789009087,-4.292717789009087,-3.957781860507783,3.957781860507783
43.40000000000035,0.6316047860179647,0.30102143886146004,-4.294120326460435,-4.294120326460435,-3.9547540241271433,3.9547540241271433
43.50000000000035,0.6307877961586499,0.3010871211692138,-4.295517326713416,-4.295517326713416,-3.951734225135191,3.951734225135191
43.60000000000035,0.6299731196386021,0.3011526913514675,-4.2969088217584765,-4.2969088217584765,-3.9487224281062834,3.9487224281062834
43.70000000000035,0.6291607462220464,0.30121814977247313,-4.298294843342919,-4.298294843342919,-3.945718597830383,3.945718597830383
43.80000000000035,0.62835066573503,0.3012834967947192,-4.29967542297325,-4.29967542297325,-3.9427226993114277,3.9427226993114277
43.900000000000354,0.6275428680649491,0.30134873277894175,-4.301050591917413,-4.301050591917413,-3.939734697765668,3.939734697765668
44.000000000000355,0.6267373431600807,0.3014138580841354,-4.302420381207055,-4.302420381207055,-3.9367545586200485,3.9367545586200485
44.10000000000036,0.6259340810291142,0.3014788730675648,-4.303784821639697,-4.303784821639697,-3.933782247510564,3.933782247510564
44.20000000000036,0.6251330717406943,0.30154377808477595,-4.305143943780974,-4.305143943780974,-3.9308177302806935,3.9308177302806935
44.30000000000036,0.6243343054229623,0.30160857348960673,-4.30649777796676,-4.30649777796676,-3.927860972979791,3.927860972979791
44.40000000000036,0.6235377722631034,0.30167325963419833,-4.307846354305321,-4.307846354305321,-3.9249119418615113,3.9249119418615113
44.50000000000036,0.6227434625069002,0.3017378368690058,-4.309189702679426,-4.309189702679426,-3.921970603382266,3.921970603382266
44.600000000000364,0.6219513664582876,0.3018023055428087,-4.310527852748434,-4.310527852748434,-3.9190369241996565,3.9190369241996565
44.700000000000365,0.6211614744789123,0.3018666660027225,-4.3118608339504,-4.3118608339504,-3.9161108711709747,3.9161108711709747
44.80000000000037,0.620373776987698,0.3019309185942083,-4.3131886755040725,-4.3131886755040725,-3.9131924113516545,3.9131924113516545
44.90000000000037,0.6195882644604135,0.3019950636610837,-4.3145114064109364,-4.3145114064109364,-3.9102815119938077,3.9102815119938077
45.00000000000037,0.6188049274292433,0.3020591015455332,-4.315829055457209,-4.315829055457209,-3.9073781405446857,3.9073781405446857
45.10000000000037,0.6180237564823652,0.3021230325881191,-4.3171416512158665,-4.3171416512158665,-3.904482264645271,3.904482264645271
45.20000000000037,0.617244742263529,0.3021868571277905,-4.318449222048509,-4.318449222048509,-3.901593852128743,3.901593852128743
45.300000000000374,0.61646787547164,0.3022505755018947,-4.319751796107383,-4.319751796107383,-3.8987128710190815,3.8987128710190815
45.400000000000375,0.6156931468603473,0.30231418804618676,-4.321049401337257,-4.321049401337257,-3.8958392895296217,3.8958392895296217
45.50000000000038,0.6149205472376342,0.30237769509483947,-4.32234206547731,-4.32234206547731,-3.8929730760616055,3.8929730760616055
45.60000000000038,0.6141500674654139,0.3024410969804535,-4.323629816063038,-4.323629816063038,-3.8901141992028223,3.8901141992028223
45.70000000000038,0.6133816984591266,0.30250439403406715,-4.324912680428062,-4.324912680428062,-3.8872626277261624,3.8872626277261624
45.80000000000038,0.6126154311873425,0.3025675865851663,-4.32619068570602,-4.32619068570602,-3.884418330588262,3.884418330588262
45.90000000000038,0.6118512566713673,0.3026306749616938,-4.327463858832308,-4.327463858832308,-3.881581276928123,3.881581276928123
46.000000000000384,0.6110891659848529,0.30269365949005933,-4.328732226545942,-4.328732226545942,-3.8787514360657656,3.8787514360657656
46.100000000000385,0.6103291502534071,0.30275654049514883,-4.329995815391278,-4.329995815391278,-3.875928777500853,3.875928777500853
46.20000000000039,0.6095712006542121,0.3028193183003345,-4.331254651719824,-4.331254651719824,-3.8731132709114005,3.8731132709114005
46.30000000000039,0.6088153084156441,0.3028819932274831,-4.3325087616919,-4.3325087616919,-3.870304886152393,3.870304886152393
46.40000000000039,0.6080614648168955,0.3029445655969667,-4.3337581712784505,-4.3337581712784505,-3.8675035932545545,3.8675035932545545
46.50000000000039,0.6073096611876025,0.30300703572767057,-4.335002906262652,-4.335002906262652,-3.864709362422968,3.864709362422968
46.60000000000039,0.6065598889074726,0.30306940393700355,-4.336242992241662,-4.336242992241662,-3.8619221640358354,3.8619221640358354
46.700000000000394,0.6058121394059207,0.3031316705409062,-4.337478454628236,-4.337478454628236,-3.8591419686431854,3.8591419686431854
46.800000000000395,0.6050664041617034,0.30319383585386067,-4.338709318652426,-4.338709318652426,-3.85636874696563,3.85636874696563
46.9000000000004,0.6043226747025595,0.30325590018889903,-4.339935609363144,-4.339935609363144,-3.8536024698930773,3.8536024698930773
47.0000000000004,0.6035809426048521,0.3033178638576125,-4.341157351629811,-4.341157351629811,-3.8508431084835073,3.8508431084835073
47.1000000000004,0.6028411994932142,0.3033797271701603,-4.342374570143954,-4.342374570143954,-3.848090633961744,3.848090633961744
47.2000000000004,0.6021034370401986,0.30344149043527857,-4.3435872894207606,-4.3435872894207606,-3.845345017718219,3.845345017718219
47.3000000000004,0.6013676469659305,0.3035031539602885,-4.344795533800669,-4.344795533800669,-3.842606231307785,3.842606231307785
47.400000000000404,0.6006338210377615,0.30356471805110546,-4.345999327450884,-4.345999327450884,-3.8398742464485065,3.8398742464485065
47.500000000000405,0.5999019510699273,0.3036261830122478,-4.347198694366915,-4.347198694366915,-3.837149035020451,3.837149035020451
47.600000000000406,0.5991720289232113,0.3036875491468446,-4.348393658374087,-4.348393658374087,-3.83443056906454,3.83443056906454
47.70000000000041,0.5984440465046066,0.30374881675664467,-4.349584243129028,-4.349584243129028,-3.8317188207813735,3.8317188207813735
47.80000000000041,0.5977179957669835,0.30380998614202503,-4.3507704721211855,-4.3507704721211855,-3.8290137625300527,3.8290137625300527
47.90000000000041,0.5969938687087609,0.3038710576019987,-4.35195236867423,-4.35195236867423,-3.826315366827071,3.826315366827071
48.00000000000041,0.5962716573735778,0.30393203143422326,-4.353129955947553,-4.353129955947553,-3.8236236063451354,3.8236236063451354
48.10000000000041,0.5955513538499686,0.30399290793500944,-4.354303256937681,-4.354303256937681,-3.8209384539120634,3.8209384539120634
48.200000000000415,0.5948329502710442,0.30405368739932837,-4.355472294479712,-4.355472294479712,-3.8182598825096594,3.8182598825096594
48.300000000000416,0.5941164388141703,0.3041143701208203,-4.356637091248673,-4.356637091248673,-3.8155878652726103,3.8155878652726103
48.40000000000042,0.5934018117006538,0.3041749563918026,-4.357797669760986,-4.357797669760986,-3.8129223754873722,3.8129223754873722
48.50000000000042,0.5926890611954282,0.3042354465032771,-4.358954052375747,-4.358954052375747,-3.810263386591096,3.810263386591096
48.60000000000042,0.5919781796067437,0.3042958407449391,-4.3601062612962025,-4.3601062612962025,-3.807610872170555,3.807610872170555
48.70000000000042,0.5912691592858607,0.30435613940518386,-4.361254318570987,-4.361254318570987,-3.8049648059610552,3.8049648059610552
48.80000000000042,0.5905619926267426,0.3044163427711151,-4.362398246095507,-4.362398246095507,-3.8023251618453835,3.8023251618453835
48.900000000000425,0.5898566720657538,0.30447645112855326,-4.363538065613303,-4.363538065613303,-3.79969191385276,3.79969191385276
49.000000000000426,0.5891531900813606,0.3045364647620419,-4.364673798717245,-4.364673798717245,-3.7970650361577842,3.7970650361577842
49.10000000000043,0.5884515391938346,0.3045963839548559,-4.365805466850928,-4.365805466850928,-3.7944445030794096,3.7944445030794096
49.20000000000043,0.5877517119649557,0.3046562089890094,-4.366933091309912,-4.366933091309912,-3.7918302890799254,3.7918302890799254
49.30000000000043,0.5870537009977208,0.3047159401452628,-4.368056693242975,-4.368056693242975,-3.789222368763919,3.789222368763919
49.40000000000043,0.5863574989360563,0.30477557770312996,-4.369176293653386,-4.369176293653386,-3.786620716877302,3.786620716877302
49.50000000000043,0.5856630984645255,0.3048351219408865,-4.37029191340015,-4.37029191340015,-3.7840253083062683,3.7840253083062683
49.600000000000435,0.5849704923080501,0.3048945731355761,-4.371403573199217,-4.371403573199217,-3.781436118076342,3.781436118076342
49.700000000000436,0.5842796732316233,0.30495393156301825,-4.372511293624704,-4.372511293624704,-3.778853121351373,3.778853121351373
49.80000000000044,0.5835906340400313,0.3050131974978155,-4.373615095110107,-4.373615095110107,-3.776276293432577,3.776276293432577
49.90000000000044,0.5829033675775762,0.3050723712133605,-4.37471499794948,-4.37471499794948,-3.7737056097575548,3.7737056097575548
50.00000000000044,0.5822178667277994,0.305131452981843,-4.3758110222986275,-4.3758110222986275,-3.771141045899356,3.771141045899356