0,2.1009681046838,0.22168348185853518,-24.62071310349006,-4.867393196763494,0,0
0.1,2.099890294180158,0.2214085447312734,-24.39868189297962,-4.860923582219026,0,0
0.2,2.098817198182419,0.22113255654545358,-24.179050967327996,-4.854505968502881,0,0
0.30000000000000004,2.097748806015845,0.22085551085947214,-23.961779397808417,-4.848140273666392,0,0
0.4,2.0966851069582715,0.22057740118257688,-23.746827226783605,-4.841826422533984,0,0
0.5,2.0956260902378054,0.22029822097449336,-23.53415543877396,-4.835564346784661,0,0
0.6,2.094571745030473,0.22001796364505033,-23.323725932541315,-4.829353985037542,0,0
0.7,2.0935220604578135,0.21973662255380383,-23.115501494145903,-4.823195282941519,0,0
0.7999999999999999,2.092477025584453,0.2194541910096604,-22.909445770937563,-4.817088193269424,0,0
0.8999999999999999,2.0914366294156204,0.2191706622704995,-22.705523246442667,-4.811032676016769,0,0
0.9999999999999999,2.0904008608946256,0.21888602954279515,-22.50369921610988,-4.805028698505179,0,0
1.0999999999999999,2.089369708900294,0.2186002859812367,-22.303939763881104,-4.799076235490787,0,0
1.2,2.0883431622443474,0.21831342468834924,-22.106211739552517,-4.793175269277619,0,0
1.3,2.08732120966875,0.21802543871411295,-21.91048273689599,-4.787325789836377,0,0
1.4000000000000001,2.0863038398430027,0.2177363210555833,-21.71672107251006,-4.781527794928724,0,0
1.5000000000000002,2.0852910413613883,0.21744606465650884,-21.524895765370033,-4.7757812902372745,0,0
1.6000000000000003,2.0842828027401614,0.2171546624069508,-21.334976517050826,-4.770086289501339,0,0
1.7000000000000004,2.0832791124147043,0.21686210714290186,-21.146933692597283,-4.764442814659244,0,0
1.8000000000000005,2.08227995873662,0.21656839164590388,-20.960738302012818,-4.758850895996723,0,0
1.9000000000000006,2.0812853299707745,0.21627350864266792,-20.776361982346632,-4.753310572302212,0,0
2.0000000000000004,2.0802952142922906,0.21597745080469224,-20.59377698035228,-4.74782189102903,0,0
2.1000000000000005,2.079309599783481,0.2156802107478825,-20.412956135698398,-4.74238490846491,0,0
2.2000000000000006,2.078328474430737,0.21538178103217126,-20.233872864708314,-4.736999689909073,0,0
2.3000000000000007,2.0773518261213493,0.21508215416113877,-20.05650114460857,-4.7316663098571965,0,0
2.400000000000001,2.076379642640284,0.2147813225816343,-19.880815498267687,-4.726384852194732,0,0
2.500000000000001,2.075411911666885,0.2144792786833986,-19.70679097940455,-4.721155410398719,0,0
2.600000000000001,2.0744486207715367,0.21417601479868723,-19.534403158250097,-4.715978087748736,0,0
2.700000000000001,2.0734897574122515,0.2138715232018956,-19.36362810764435,-4.710852997547217,0,0
2.800000000000001,2.0725353089311995,0.21356579610918486,-19.194442389551053,-4.70578026334956,0,0
2.9000000000000012,2.071585262551178,0.21325882567810994,-19.026823041975938,-4.700760019204578,0,0
3.0000000000000013,2.0706396053720177,0.21295060400724902,-18.86074756627154,-4.695792409905771,0,0
3.1000000000000014,2.0696983243669247,0.2126411231358352,-18.69619391481469,-4.690877591253809,0,0
3.2000000000000015,2.068761406378752,0.21233037504339056,-18.533140479042192,-4.6860157303309045,0,0
3.3000000000000016,2.067828838116205,0.21201835164936195,-18.37156607783009,-4.681207005787403,0,0
3.4000000000000017,2.0669006061499835,0.21170504481276017,-18.211449946205327,-4.676451608141619,0,0
3.5000000000000018,2.065976696908851,0.21139044633180143,-18.05277172437475,-4.671749740093048,0,0
3.600000000000002,2.0650570966756345,0.2110745479435522,-17.895511447060915,-4.667101616850047,0,0
3.700000000000002,2.0641417915831406,0.21075734132357687,-17.73964953313136,-4.66250746647237,0,0
3.800000000000002,2.063230767610024,0.21043881808558987,-17.58516677551147,-4.657967530229573,0,0
3.900000000000002,2.062324010576557,0.21011896978111047,-17.43204433136836,-4.653482062976007,0,0
4.000000000000002,2.0614215061403285,0.2097977878991223,-17.28026371255535,-4.64905133354304,0,0
4.100000000000001,2.0605232397918787,0.2094752638657372,-17.12980677630777,-4.644675625149844,0,0
4.200000000000001,2.0596291968502385,0.20915138904386324,-16.98065571617812,-4.640355235833324,0,0
4.300000000000001,2.058739362458395,0.20882615473287813,-16.8327930532024,-4.636090478898364,0,0
4.4,2.0578537215786876,0.20849955216830757,-16.686201627287065,-4.631881683389533,0,0
4.5,2.0569722589880914,0.208171572521509,-16.540864588807402,-4.627729194585225,0,0
4.6,2.0560949592734556,0.2078422068993613,-16.396765390409218,-4.623633374515785,0,0
4.699999999999999,2.0552218068266246,0.20751144634396093,-16.253887779003566,-4.619594602506503,0,0
4.799999999999999,2.0543527858394817,0.20717928183232384,-16.11221578794674,-4.6156132757472506,0,0
4.899999999999999,2.0534878802989165,0.2068457042760952,-15.971733729397426,-4.6116898098901675,0,0
4.999999999999998,2.052627073981683,0.20651070452126524,-15.83242618684123,-4.607824639676746,0,0
5.099999999999998,2.0517703504491833,0.20617427334789393,-15.694278007776358,-4.604018219596433,0,0
5.1999999999999975,2.0509176930421424,0.20583640146984247,-15.557274296550647,-4.600271024578204,0,0
5.299999999999997,2.0500690848752066,0.20549707953451415,-15.421400407343311,-4.5965835507173,0,0
5.399999999999997,2.049224508831428,0.20515629812260322,-15.286641937282457,-4.5929563160390074,0,0
5.4999999999999964,2.048383947556668,0.20481404774785367,-15.152984719691654,-4.589389861301994,0,0
5.599999999999996,2.047547383453889,0.20447031885682743,-15.020414817456832,-4.585884750843231,0,0
5.699999999999996,2.0467147986773524,0.20412510182868246,-14.888918516506406,-4.582441573467463,0,0
5.799999999999995,2.0458861751267166,0.20377838697496195,-14.758482319396572,-4.57906094338359,0,0
5.899999999999995,2.0450614944410246,0.2034301645393945,-14.629092938994274,-4.575743501191289,0,0
5.999999999999995,2.044240737992592,0.2030804246977055,-14.500737292249482,-4.572489914920684,0,0
6.099999999999994,2.0434238868807864,0.20272915755744164,-14.373402494049897,-4.569300881128893,0,0
6.199999999999994,2.0426109219256996,0.20237635315780664,-14.247075851148633,-4.566177126056688,0,0
6.299999999999994,2.04180182366171,0.2020220014695119,-14.121744856158445,-4.5631194068496495,0,0
6.399999999999993,2.040996572330934,0.20166609239463948,-13.997397181602643,-4.56012851284777,0,0
6.499999999999993,2.040195147876561,0.20130861576652048,-13.874020674015174,-4.557205266948266,0,0
6.5999999999999925,2.039397529936084,0.20094956134962827,-13.75160334808121,-4.554350527046674,0,0
6.699999999999992,2.038603697834396,0.20058891883948665,-13.630133380807996,-4.5515651875612875,0,0
6.799999999999992,2.037813630576792,0.20022667786259532,-13.50959910571853,-4.548850181047156,0,0
6.8999999999999915,2.0370273068418334,0.19986282797637145,-13.389989007056812,-4.54620647990569,0,0
6.999999999999991,2.036244704974103,0.19949735866910984,-13.27129171399548,-4.5436350981968,0,0
7.099999999999991,2.035465802976826,0.19913025935995998,-13.153495994834381,-4.541137093560881,0,0
7.19999999999999,2.034690578504385,0.19876151939892392,-13.036590751180514,-4.538713569258952,0,0
7.29999999999999,2.033919008854693,0.1983911280668725,-12.92056501209574,-4.536365676339409,0,0
7.39999999999999,2.033151070961441,0.19801907457558318,-12.805407928201278,-4.534094615940994,0,0
7.499999999999989,2.0323867413862415,0.19764534806779854,-12.691108765725565,-4.531901641742662,0,0
7.599999999999989,2.0316259963106007,0.19726993761730743,-12.577656900480697,-4.529788062571026,0,0
7.699999999999989,2.0308688115277995,0.19689283222904896,-12.465041811753935,-4.527755245178486,0,0
7.799999999999988,2.0301151624346114,0.19651402083924063,-12.35325307609688,-4.525804617204891,0,0
7.899999999999988,2.029365024022914,0.1961334923155309,-12.242280360996268,-4.523937670338036,0,0
7.999999999999988,2.0286183708711376,0.19575123545717774,-12.13211341840686,-4.5221559636887285,0,0
8.099999999999987,2.027875177135596,0.19536723899525374,-12.022742078127168,-4.520461127398558,0,0
8.199999999999987,2.0271354165416784,0.19498149159287884,-11.914156240996164,-4.5188548664997406,0,0
8.299999999999986,2.026399062374889,0.1945939818454816,-11.806345871886855,-4.517338965048339,0,0
8.399999999999986,2.0256660874717562,0.1942046982810903,-11.699300992471782,-4.515915290554741,0,0
8.499999999999986,2.0249364642106036,0.19381362936065438,-11.593011673731956,-4.514585798737409,0,0
8.599999999999985,2.024210164502169,0.19342076347839796,-11.487468028178696,-4.513352538628567,0,0
8.699999999999985,2.0234871597800796,0.1930260889622059,-11.382660201754272,-4.512217658063705,0,0
8.799999999999985,2.0227674209911917,0.19262959407404434,-11.27857836537506,-4.511183409590352,0,0
8.899999999999984,2.022050918585778,0.1922312670104155,-11.175212706075305,-4.5102521568350475,0,0
8.999999999999984,2.021337622507562,0.19183109590284975,-11.072553417707093,-4.509426381372113,0,0
9.099999999999984,2.02062750218362,0.19142906881843488,-10.970590691146183,-4.508708690142662,0,0
9.199999999999983,2.01992052651412,0.19102517376038383,-10.869314703947685,-4.508101823477863,0,0
9.299999999999983,2.0192166638619167,0.19061939866864314,-10.768715609390497,-4.507608663786771,0,0
9.399999999999983,2.0185158820420033,0.19021173142054232,-10.668783524840729,-4.507232244976294,0,0
9.499999999999982,2.0178181483108015,0.18980215983148635,-10.569508519357202,-4.506975762679014,0,0
9.599999999999982,2.017123429355304,0.18939067165569207,-10.470880600452476,-4.506842585373974,0,0
9.699999999999982,2.016431691282077,0.1889772545869702,-10.372889699912337,-4.506836266496382,0,0
9.799999999999981,2.0157428996060904,0.1885618962595545,-10.275525658563716,-4.506960557644062,0,0
9.89999999999998,2.0150570192394204,0.18814458424897934,-10.178778209868426,-4.507219423003388,0,0
9.99999999999998,2.014374014479779,0.18772530607300753,-10.082636962201715,-4.507617055132882,0,0
10.09999999999998,2.0136938489989094,0.18730404919260912,-9.987091379657661,-4.508157892262249,0,0
10.19999999999998,2.013016485830819,0.18688080101299415,-9.892130761200642,-4.508846637286183,0,0
10.29999999999998,2.0123418873598657,0.1864555488846995,-9.797744217956623,-4.5096882786576895,0,0
10.399999999999979,2.0116700153086984,0.18602828010473313,-9.703920648409069,-4.51068811341581,0,0
10.499999999999979,2.0110008307260383,0.18559898191777535,-9.610648711228167,-4.511851772616677,0,0
10.599999999999978,2.0103342939743216,0.18516764151744078,-9.517916795422972,-4.513185249478557,0,0
10.699999999999978,2.0096703647171927,0.1847342460476016,-9.42571298745649,-4.51469493059899,0,0
10.799999999999978,2.009009001906842,0.18429878260377489,-9.334025034907654,-4.516387630659308,0,0
10.899999999999977,2.008350163771215,0.18386123823457426,-9.24284030619615,-4.5182706310995275,0,0
10.999999999999977,2.0076938078010618,0.1834215999432295,-9.152145745805969,-4.520351723326854,0,0
11.099999999999977,2.0070398907368596,0.18297985468917555,-9.061927824346931,-4.522639257117735,0,0
11.199999999999976,2.006388368555584,0.18253598938971133,-8.972172482677207,-4.525142194988966,0,0
11.299999999999976,2.0057391964573545,0.1820899909217328,-8.882865069171089,-4.527870173453492,0,0
11.399999999999975,2.0050923288519362,0.18164184612354123,-8.793990269045592,-4.530833572246035,0,0
11.499999999999975,2.0044477193451113,0.18119154179672728,-8.705532024452458,-4.5340435928107965,0,0
11.599999999999975,2.003805320724929,0.18073906470813578,-8.617473443789692,-4.5375123475970085,0,0
11.699999999999974,2.003165084947822,0.18028440159191136,-8.529796698372705,-4.541252962021072,0,0
11.799999999999974,2.0025269631246094,0.1798275391516271,-8.44248290421773,-4.5452796913414995,0,0
11.899999999999974,2.001890905506368,0.17936846406249995,-8.355511986207016,-4.5496080551771785,0,0
11.999999999999973,2.001256861470207,0.17890716297369352,-8.268862521296015,-4.554254993007204,0,0
12.099999999999973,2.0006247795049217,0.17844362251071075,-8.182511556654495,-4.559239044760025,0,0
12.199999999999973,1.9999946071965466,0.1779778292778804,-8.09643439765286,-4.564580561579977,0,0
12.299999999999972,1.9993662912138106,0.17750976986093703,-8.010604359344084,-4.570301953119788,0,0
12.399999999999972,1.9987397772934974,0.177039430829699,-7.924992473458914,-4.576427979340915,0,0
12.499999999999972,1.9981150102257186,0.17656679874084585,-7.839567140794522,-4.582986096940829,0,0
12.599999999999971,1.9974919338391053,0.17609186014079795,-7.754293716053115,-4.590006873350111,0,0
12.69999999999997,1.9968704909859236,0.17561460156870015,-7.669134008415656,-4.597524485013482,0,0
12.79999999999997,1.9962506235271322,0.1751350095595126,-7.584045676040501,-4.605577321764412,0,0
12.89999999999997,1.9956322723173665,0.1746530706472112,-7.4989814857054835,-4.614208726074125,0,0
12.99999999999997,1.9950153771898775,0.17416877136809952,-7.413888399142662,-4.623467905625221,0,0
13.09999999999997,1.9943998769414335,0.17368209826423564,-7.328706434001866,-4.63341107127323,0,0
13.199999999999969,1.9937857093171782,0.17319303788697488,-7.243367227897131,-4.644102871941013,0,0
13.299999999999969,1.9931728109954716,0.17270157680063375,-7.15779220560125,-4.65561822638124,0,0
13.399999999999968,1.9925611175727114,0.1722077015862739,-7.071890207244044,-4.668044693949391,0,0
13.499999999999968,1.991950563548156,0.1717113988456123,-6.985554371204045,-4.681485590698329,0,0
13.599999999999968,1.9913410823087467,0.1712126552050578,-6.898657965350227,-4.696064157136455,0,0
13.699999999999967,1.9907326061139612,0.17071145731987733,-6.811048699869708,-4.7119292444133425,0,0
13.799999999999967,1.9901250660806877,0.17020779187849464,-6.722540789195006,-4.729263251418685,0,0
13.899999999999967,1.9895183921681483,0.16970164560692377,-6.632903573699432,-4.748293502125566,0,0
13.999999999999966,1.9889125131628749,0.16919300527333975,-6.541844691553355,-4.76930907278452,0,0
14.099999999999966,1.988307356663769,0.16868185769278948,-6.448984240766906,-4.792686628942951,0,0
14.199999999999966,1.987702849067237,0.16816818973204403,-6.353813254674499,-4.818931949033159,0,0
14.299999999999965,1.9870989155524306,0.16765198831459757,-6.255623054895221,-4.848750570495589,0,0
14.399999999999965,1.9864954800666086,0.1671332404258114,-6.153375913886859,-4.8831771263177846,0,0
14.499999999999964,1.9858924653106316,0.16661193311820943,-6.045443799722349,-4.923836599361151,0,0
14.599999999999964,1.9852897927246078,0.1660880535169249,-5.929001279762117,-4.9735514178005396,0,0
14.699999999999964,1.98468738247372,0.1655615888253013,-5.798267129308787,-5.03809984559041,0,0
14.799999999999963,1.984085153434225,0.165032526330651,-5.636716256939122,-5.134004056261986,0,0
14.899999999999963,1.9834830231796852,0.16450085341017104,-5.352804918282171,-5.352804918282171,-0.12520930341813813,0.12520930341813813
14.999999999999963,1.9828809079674115,0.16396655753702155,-5.320516355108648,-5.320516355108648,-0.30357021667269696,0.30357021667269696
15.099999999999962,1.982278722725167,0.1634296262865666,-5.288493069836292,-5.288493069836292,-0.40779721910144967,0.40779721910144967
15.199999999999962,1.9816763810381506,0.1628900473427797,-5.256733684942674,-5.256733684942674,-0.4880099139232214,0.4880099139232214
15.299999999999962,1.9810737951362705,0.16234780850481673,-5.225236842209075,-5.225236842209075,-0.5547654472120576,0.5547654472120576
15.399999999999961,1.9804708758817373,0.16180289769375758,-5.194001202305802,-5.194001202305802,-0.6125156858613467,0.6125156858613467
15.499999999999961,1.979867532757014,0.1612553029595184,-5.16302544438053,-5.16302544438053,-0.663648327904192,0.663648327904192
15.59999999999996,1.9792636738531262,0.16070501248793528,-5.132308265649073,-5.132308265649073,-0.7096253090014999,0.7096253090014999
15.69999999999996,1.9786592058583767,0.16015201460802184,-5.1018483809888,-5.1018483809888,-0.751421452744784,0.751421452744784
15.79999999999996,1.978054034047485,0.159596297799402,-5.071644522534354,-5.071644522534354,-0.7897269297643537,0.7897269297643537
15.89999999999996,1.9774480622711805,0.15903785069991758,-5.041695439275455,-5.041695439275455,-0.8250526494177046,0.8250526494177046
15.99999999999996,1.976841192946276,0.15847666211341443,-5.011999896656822,-5.011999896656822,-0.8577900968723117,0.8577900968723117
16.09999999999996,1.9762333270462582,0.15791272101770526,-4.982556676179906,-4.982556676179906,-0.8882476208621264,0.8882476208621264
16.19999999999996,1.9756243640924132,0.1573460165727113,-4.953364575006284,-4.953364575006284,-0.9166736126632289,0.9166736126632289
16.29999999999996,1.9750142021455412,0.15677653812878373,-4.92442240556279,-4.92442240556279,-0.9432719471382988,0.9432719471382988
16.399999999999963,1.9744027377982625,0.15620427523520328,-4.895728995147898,-4.895728995147898,-0.9682126327610411,0.9682126327610411
16.499999999999964,1.973789866167977,0.15562921764886073,-4.8672831855396055,-4.8672831855396055,-0.991639375130821,0.991639375130821
16.599999999999966,1.9731754808904929,0.15505135534311534,-4.83908383260435,-4.83908383260435,-1.0136750842496227,1.0136750842496227
16.699999999999967,1.9725594741143628,0.15447067851683324,-4.81112980590709,-4.81112980590709,-1.0344259719928288,1.0344259719928288
16.79999999999997,1.971941736495977,0.15388717760360435,-4.783419988322363,-4.783419988322363,-1.0539846586019463,1.0539846586019463
16.89999999999997,1.9713221571954285,0.15330084328113538,-4.7559532756461,-4.7559532756461,-1.0724325672421517,1.0724325672421517
16.99999999999997,1.9707006238731966,0.15271166648082163,-4.728728576208306,-4.728728576208306,-1.0898417971476462,1.0898417971476462
17.099999999999973,1.9700770226877073,0.15211963839749126,-4.7017448104863195,-4.7017448104863195,-1.1062766082912747,1.1062766082912747
17.199999999999974,1.9694512382937666,0.15152475049932482,-4.6750009107186585,-4.6750009107186585,-1.1217946121451285,1.1217946121451285
17.299999999999976,1.9688231538419503,0.15092699453794473,-4.648495820519409,-4.648495820519409,-1.1364477369822785,1.1364477369822785
17.399999999999977,1.968192650978959,0.1503263625586743,-4.622228494492893,-4.622228494492893,-1.1502830180476198,1.1502830180476198
17.49999999999998,1.9675596098490007,0.14972284691096266,-4.596197897848839,-4.596197897848839,-1.1633432501317862,1.1633432501317862
17.59999999999998,1.9669239090962296,0.14911644025897292,-4.570403006017697,-4.570403006017697,-1.175667530905039,1.175667530905039
17.69999999999998,1.9662854258682816,0.14850713559233017,-4.5448428042662625,-4.5448428042662625,-1.1872917166907015,1.1872917166907015
17.799999999999983,1.965644035820973,0.1478949262370247,-4.519516287313413,-4.519516287313413,-1.1982488074343909,1.1982488074343909
17.899999999999984,1.9649996131241612,0.14727980586646802,-4.4944224589460395,-4.4944224589460395,-1.2085692739502722,1.2085692739502722
17.999999999999986,1.9643520304688598,0.1466617685126951,-4.469560331635032,-4.469560331635032,-1.2182813377528594,1.2182813377528594
18.099999999999987,1.9637011590756204,0.14604080857770899,-4.4449289261513965,-4.4449289261513965,-1.2274112116673332,1.2274112116673332
18.19999999999999,1.9630468687042295,0.14541692084496133,-4.420527271182309,-4.420527271182309,-1.235983307783022,1.235983307783022
18.29999999999999,1.962389027664781,0.1447901004909652,-4.396354402947445,-4.396354402947445,-1.244020418049295,1.244020418049295
18.39999999999999,1.9617275028301415,0.14416034309703055,-4.372409364815137,-4.372409364815137,-1.2515438718216898,1.2515438718216898
18.499999999999993,1.9610621596498872,0.1435276446611168,-4.348691206918733,-4.348691206918733,-1.2585736738832674,1.2585736738832674
18.599999999999994,1.9603928621657167,0.14289200160979773,-4.325198985772988,-4.325198985772988,-1.265128625843164,1.265128625843164
18.699999999999996,1.959719473028428,0.14225341081032564,-4.301931763890597,-4.301931763890597,-1.2712264333159389,1.2712264333159389
18.799999999999997,1.9590418535164558,0.14161186958279146,-4.278888609398843,-4.278888609398843,-1.2768838008824552,1.2768838008824552
18.9,1.9583598635560622,0.1409673757123683,-4.256068595656464,-4.256068595656464,-1.2821165165073205,1.2821165165073205
19.,1.957673361743176,0.1403199274616316,-4.233470800870781,-4.233470800870781,-1.286939526821269,1.286939526821269
19.1,1.9569822053669674,0.13966952358294374,-4.211094307715107,-4.211094307715107,-1.2913670044587067,1.2913670044587067
19.200000000000003,1.9562862504351612,0.13901616333089437,-4.188938202946629,-4.188938202946629,-1.2954124084603413,1.2954124084603413
19.300000000000004,1.9555853517011579,0.13835984647478408,-4.167001577024672,-4.167001577024672,-1.299088538601591,1.299088538601591
19.400000000000006,1.9548793626929861,0.1377005733111407,-4.145283523729679,-4.145283523729679,-1.3024075843831553,1.3024075843831553
19.500000000000007,1.9541681357441316,0.13703834467625545,-4.123783139782742,-4.123783139782742,-1.305381169316049,1.305381169316049
19.60000000000001,1.9534515220262838,0.1363731619587262,-4.102499524466083,-4.102499524466083,-1.3080203910462773,1.3080203910462773
19.70000000000001,1.9527293715840228,0.1357050271119953,-4.081431779244383,-4.081431779244383,-1.3103358577903415,1.3103358577903415
19.80000000000001,1.9520015333714995,0.13503394266686622,-4.0605790073872505,-4.0605790073872505,-1.3123377214906922,1.3123377214906922
19.900000000000013,1.9512678552911256,0.13435991174398673,-4.0399403135928775,-4.0399403135928775,-1.3140357080470786,1.3140357080470786
20.000000000000014,1.950528184234314,0.13368293806628276,-4.019514803613215,-4.019514803613215,-1.3154391449345877,1.3154391449345877
20.100000000000016,1.9497823661242988,0.13300302597132546,-3.9993015838805883,-3.9993015838805883,-1.3165569864804987,1.3165569864804987
20.200000000000017,1.9490302459610531,0.13232018042361895,-3.9792997611361676,-3.9792997611361676,-1.3173978370388202,1.3173978370388202
20.30000000000002,1.9482716678683396,0.13163440702678852,-3.9595084420603897,-3.9595084420603897,-1.3179699722728402,1.3179699722728402
20.40000000000002,1.9475064751429063,0.13094571203565442,-3.939926732905546,-3.939926732905546,-1.3182813587312998,1.3182813587312998
20.50000000000002,1.9467345103058593,0.1302541023681716,-3.9205537391307725,-3.9205537391307725,-1.31833967188239,1.31833967188239
20.600000000000023,1.945955615156209,0.12955958561721898,-3.9013885650396563,-3.9013885650396563,-1.318152312751156,1.318152312751156
20.700000000000024,1.9451696308266244,0.12886217006221834,-3.882430313420733,-3.882430313420733,-1.3177264232898136,1.3177264232898136
20.800000000000026,1.9443763978413953,0.1281618646805625,-3.8636780851910792,-3.8636780851910792,-1.317068900596231,1.317068900596231
20.900000000000027,1.9435757561765996,0.12745867915883652,-3.845130979043322,-3.845130979043322,-1.3161864100834855,1.3161864100834855
21.00000000000003,1.9427675453224982,0.1267526239038072,-3.8267880910962484,-3.8267880910962484,-1.3150853976926067,1.3150853976926067
21.10000000000003,1.9419516043481462,0.1260437100531644,-3.8086485145494446,-3.8086485145494446,-1.3137721012310284,1.3137721012310284
21.20000000000003,1.9411277719682039,0.12533194948599055,-3.7907113393420744,-3.7907113393420744,-1.312252560910802,1.312252560910802
21.300000000000033,1.9402958866119717,0.12461735483293862,-3.7729756518162736,-3.7729756518162736,-1.3105326291533523,1.3105326291533523
21.400000000000034,1.9394557864945887,0.12389993948609578,-3.7554405343853006,-3.7554405343853006,-1.3086179797207553,1.3086179797207553
21.500000000000036,1.9386073096904275,0.12317971760851253,-3.7381050652069554,-3.7381050652069554,-1.3065141162279381,1.3065141162279381
21.600000000000037,1.9377502942086184,0.12245670414337316,-3.720968317862406,-3.720968317862406,-1.304226380084756,1.304226380084756
21.70000000000004,1.9368845780707071,0.12173091482278733,-3.7040293610408614,-3.7040293610408614,-1.3017599579125527,1.3017599579125527
21.80000000000004,1.9360099993904067,0.12100236617617872,-3.687287258230443,-3.687287258230443,-1.2991198884754835,1.2991198884754835
21.90000000000004,1.935126396455382,0.12027107553824914,-3.6707410674154817,-3.6707410674154817,-1.296311069163265,1.296311069163265
22.000000000000043,1.9342336078110685,0.1195370610564963,-3.654389840780789,-3.654389840780789,-1.293338262058885,1.293338262058885
22.100000000000044,1.9333314723464416,0.11880034169826023,-3.638232624423043,-3.638232624423043,-1.2902060996215503,1.2902060996215503
22.200000000000045,1.932419829381699,0.11806093725727895,-3.622268458069807,-3.622268458069807,-1.2869190900128373,1.2869190900128373
22.300000000000047,1.9314985187577942,0.11731886835972907,-3.6064963748064596,-3.6064963748064596,-1.2834816220913567,1.2834816220913567
22.40000000000005,1.9305673809277624,0.11657415646973004,-3.5909154008114674,-3.5909154008114674,-1.2798979700993156,1.2798979700993156
22.50000000000005,1.929626257049758,0.11582682389428914,-3.5755245551002575,-3.5755245551002575,-1.2761722980622652,1.2761722980622652
22.60000000000005,1.9286749890817503,0.1150768937876671,-3.5603228492781844,-3.5603228492781844,-1.2723086639217107,1.2723086639217107
22.700000000000053,1.9277134198777626,0.11432439015514285,-3.5453092873028886,-3.5453092873028886,-1.2683110234185553,1.2683110234185553
22.800000000000054,1.9267413932856094,0.1135693378561548,-3.53048286525638,-3.53048286525638,-1.26418323374408,1.26418323374408
22.900000000000055,1.9257587542460013,0.11281176260680119,-3.51584257112729,-3.51584257112729,-1.2599290569736799,1.2599290569736799
23.000000000000057,1.9247653488929546,0.11205169098167776,-3.5013873846035826,-3.5013873846035826,-1.2555521632976032,1.2555521632976032
23.10000000000006,1.923761024655371,0.11128915041503455,-3.4871162768760877,-3.4871162768760877,-1.2510561340616797,1.2510561340616797
23.20000000000006,1.9227456303597021,0.11052416920123327,-3.473028210453234,-3.473028210453234,-1.246444464630219,1.246444464630219
23.30000000000006,1.9217190163335798,0.10975677649448846,-3.459122138987291,-3.459122138987291,-1.241720567082257,1.241720567082257
23.400000000000063,1.9206810345102805,0.10898700230787439,-3.445397007112444,-3.445397007112444,-1.2368877727515788,1.2368877727515788
23.500000000000064,1.9196315385339209,0.10821487751158333,-3.4318517502950545,-3.4318517502950545,-1.2319493346201893,1.2319493346201893
23.600000000000065,1.9185703838652324,0.1074404338304195,-3.4184852946963686,-3.4184852946963686,-1.2269084295742594,1.2269084295742594
23.700000000000067,1.9174974278878028,0.10666370384051602,-3.4052965570480342,-3.4052965570480342,-1.2217681605308857,1.2217681605308857
23.800000000000068,1.9164125300146326,0.10588472096526122,-3.3922844445406515,-3.3922844445406515,-1.2165315584435363,1.2165315584435363
23.90000000000007,1.9153155517948635,0.10510351947042419,-3.3794478547256555,-3.3794478547256555,-1.2112015841934145,1.2112015841934145
24.00000000000007,1.9142063570205392,0.10432013445846856,-3.3667856754307746,-3.3667856754307746,-1.2057811303736314,1.2057811303736314
24.100000000000072,1.9130848118332482,0.10353460186204581,-3.3542967846893177,-3.3542967846893177,-1.200273022972524,1.200273022972524
24.200000000000074,1.9119507848304818,0.10274695843666269,-3.341980050683491,-3.341980050683491,-1.1946800229620687,1.1946800229620687
24.300000000000075,1.9108041471715695,0.10195724175251342,-3.3298343317019787,-3.3298343317019787,-1.1890048277970748,1.1890048277970748
24.400000000000077,1.9096447726830088,0.101165490185476,-3.317858476111896,-3.317858476111896,-1.1832500728302913,1.1832500728302913
24.500000000000078,1.908472537963058,0.10037174290726619,-3.3060513223453682,-3.3060513223453682,-1.1774183326484753,1.1774183326484753
24.60000000000008,1.907287322485386,0.09957603987475283,-3.2944116989008245,-3.2944116989008245,-1.1715121223339444,1.1715121223339444
24.70000000000008,1.9060890087016593,0.09877842181842798,-3.2829384243590916,-3.2829384243590916,-1.1655338986560744,1.1655338986560744
24.800000000000082,1.9048774821428547,0.09797893023004173,-3.2716303074144504,-3.2716303074144504,-1.1594860611967288,1.1594860611967288
24.900000000000084,1.9036526315191626,0.09717760734939893,-3.2604861469206603,-3.2604861469206603,-1.1533709534135796,1.1533709534135796
25.000000000000085,1.9024143488182994,0.09637449615032734,-3.2495047319520376,-3.2495047319520376,-1.1471908636448882,1.1471908636448882
25.100000000000087,1.9011625294020524,0.095569640325823,-3.2386848418795653,-3.2386848418795653,-1.1409480260591696,1.1409480260591696
25.200000000000088,1.8998970721009005,0.09476308427238225,-3.228025246462053,-3.228025246462053,-1.1346446215529846,1.1346446215529846
25.30000000000009,1.898617879306546,0.09395487307353005,-3.2175247059522785,-3.2175247059522785,-1.1282827785998928,1.1282827785998928
25.40000000000009,1.8973248570621857,0.09314505248255912,-3.207181971218093,-3.207181971218093,-1.1218645740534237,1.1218645740534237
25.500000000000092,1.8960179151503433,0.09233366890449349,-3.1969957838783487,-3.1969957838783487,-1.1153920339067183,1.1153920339067183
25.600000000000094,1.8946969671781373,0.0915207693772908,-3.1869648764535317,-3.1869648764535317,-1.1088671340114622,1.1088671340114622
25.700000000000095,1.8933619306597993,0.09070640155230421,-3.1770879725309893,-3.1770879725309893,-1.1022918007584224,1.1022918007584224
25.800000000000097,1.8920127270962876,0.08989061367402194,-3.1673637869445557,-3.1673637869445557,-1.0956679117218566,1.0956679117218566
25.900000000000098,1.8906492820518648,0.08907345455910398,-3.157791025968314,-3.157791025968314,-1.088997296269916,1.088997296269916
26.0000000000001,1.8892715252274777,0.08825497357474345,-3.148368387524354,-3.148368387524354,-1.082281736142981,1.082281736142981
26.1000000000001,1.8878793905307918,0.08743522061637252,-3.1390945614042174,-3.1390945614042174,-1.075522966001829,1.075522966001829
26.200000000000102,1.8864728161427746,0.08661424608474096,-3.1299682295036755,-3.1299682295036755,-1.0687226739472862,1.0687226739472862
26.300000000000104,1.885051744580664,0.08579210086239555,-3.120988066070706,-3.120988066070706,-1.06188250201309,1.06188250201309
26.400000000000105,1.883616122757219,0.08496883628958848,-3.11215273796609,-3.11215273796609,-1.0550040466333253,1.0550040466333253
26.500000000000107,1.8821659020361234,0.08414450413964523,-3.1034609049364428,-3.1034609049364428,-1.0480888590859212,1.0480888590859212
26.600000000000108,1.8807010382834457,0.08331915659382312,-3.0949112198991937,-3.0949112198991937,-1.0411384459134332,1.0411384459134332
26.70000000000011,1.879221491915037,0.08249284621569695,-3.086502329239151,-3.086502329239151,-1.0341542693223134,1.0341542693223134
26.80000000000011,1.877727227939793,0.08166562592509896,-3.078232873116134,-3.078232873116134,-1.0271377475617116,1.0271377475617116
26.900000000000112,1.876218215998666,0.08083754897165699,-3.070101485783303,-3.070101485783303,-1.0200902552827802,1.0200902552827802
27.000000000000114,1.8746944303993764,0.0800086689079585,-3.062106795915631,-3.062106795915631,-1.0130131238793831,1.0130131238793831
27.100000000000115,1.8731558501467347,0.07917903956238519,-3.054247426948022,-3.054247426948022,-1.0059076418108965,1.0059076418108965
27.200000000000117,1.8716024589685258,0.07834871501164878,-3.04652199742261,-3.04652199742261,-0.9987750549078751,0.9987750549078751
27.300000000000118,1.8700342453368966,0.07751774955307332,-3.0389291213446277,-3.0389291213446277,-0.9916165666610637,0.9916165666610637
27.40000000000012,1.8684512024852031,0.0766861976766574,-3.031467408546299,-3.031467408546299,-0.9844333384942526,0.9844333384942526
27.50000000000012,1.8668533284202964,0.07585411403695896,-3.0241354650582473,-3.0241354650582473,-0.9772264900213927,0.9772264900213927
27.600000000000122,1.865240625930215,0.07502155342484158,-3.016931893487754,-3.016931893487754,-0.9699970992881946,0.9699970992881946
27.700000000000124,1.863613102587261,0.0741885707391234,-3.0098552934033336,-3.0098552934033336,-0.9627462029984006,0.9627462029984006
27.800000000000125,1.8619707707464834,0.07335522095816577,-3.002904261724969,-3.002904261724969,-0.9554747967248338,0.9554747967248338
27.900000000000126,1.8603136475395443,0.07252155911144618,-2.9960773931194717,-2.9960773931194717,-0.9481838351051829,0.9481838351051829
28.000000000000128,1.8586417548640017,0.07168764025115267,-2.989373280400242,-2.989373280400242,-0.9408742320223876,0.9408742320223876
28.10000000000013,1.856955119368028,0.07085351942383919,-2.9827905149309,-2.9827905149309,-0.9335468607694297,0.9335468607694297
28.20000000000013,1.8552537724305975,0.07001925164218527,-2.9763276870321262,-2.9763276870321262,-0.9262025541981657,0.9262025541981657
28.300000000000132,1.853537750137188,0.06918489185689436,-2.969983386391064,-2.969983386391064,-0.918842104851781,0.918842104851781
28.400000000000134,1.8518070932510542,0.06835049492877288,-2.963756202472692,-2.963756202472692,-0.9114662650803003,0.9114662650803003
28.500000000000135,1.8500618471801158,0.06751611560102659,-2.957644724932518,-2.957644724932518,-0.9040757471384889,0.9040757471384889
28.600000000000136,1.8483020619395572,0.06668180847181254,-2.9516475440299823,-2.9516475440299823,-0.8966712232653534,0.8966712232653534
28.700000000000138,1.846527792110199,0.06584762796708139,-2.945763251041954,-2.945763251041954,-0.88925332574436,0.88925332574436
28.80000000000014,1.844739096792724,0.06501362831374767,-2.9399904386757045,-2.9399904386757045,-0.8818226469432747,0.8818226469432747
28.90000000000014,1.842936039557875,0.06417986351322116,-2.934327701480761,-2.934327701480761,-0.8743797393325166,0.8743797393325166
29.000000000000142,1.8411186883927044,0.0633463873153339,-2.928773636259073,-2.928773636259073,-0.8669251154806633,0.8669251154806633
29.100000000000144,1.8392871156429837,0.06251325319269344,-2.9233268424728385,-2.9233268424728385,-0.8594592480256541,0.8594592480256541
29.200000000000145,1.8374413979519135,0.061680514315496565,-2.9179859226495326,-2.9179859226495326,-0.8519825696200939,0.8519825696200939
29.300000000000146,1.8355816161952263,0.06084822352682942,-2.912749482783485,-2.912749482783485,-0.8444954728488304,0.8444954728488304
29.400000000000148,1.8337078554128212,0.06001643331848562,-2.907616132733513,-2.907616132733513,-0.8369983101168702,0.8369983101168702
29.50000000000015,1.831820204737077,0.05918519580732773,-2.902584486616108,-2.902584486616108,-0.829491393505455,0.829491393505455
29.60000000000015,1.829918757317953,0.05835456271221801,-2.8976531631935964,-2.8976531631935964,-0.8219749945939356,0.8219749945939356
29.700000000000152,1.8280036102450503,0.057524585331543567,-2.892820786256908,-2.892820786256908,-0.8144493442448922,0.8144493442448922
29.800000000000153,1.8260748644667557,0.05669531452135637,-2.8880859850023435,-2.8880859850023435,-0.8069146323496155,0.8069146323496155
29.900000000000155,1.824132624706638,0.055866800674150494,-2.883447394402011,-2.883447394402011,-0.7993710075309463,0.7993710075309463
30.000000000000156,1.8221769993772334,0.05503909369829692,-2.878903655567454,-2.878903655567454,-0.7918185768000506,0.7918185768000506
30.100000000000158,1.82020810049139,0.0542122429981507,-2.8744534161060447,-2.8744534161060447,-0.7842574051635017,0.7842574051635017
30.20000000000016,1.8182260435713196,0.053386297454849276,-2.870095330469831,-2.870095330469831,-0.7766875151766521,0.7766875151766521
30.30000000000016,1.8162309475555194,0.052561305407815256,-2.865828060296374,-2.865828060296374,-0.7691088864389243,0.7691088864389243
30.400000000000162,1.8142229347037278,0.05173731463697741,-2.861650274741363,-2.861650274741363,-0.76152145502628,0.76152145502628
30.500000000000163,1.8122021305000806,0.05091437234571931,-2.8575606508025757,-2.8575606508025757,-0.7539251128556298,0.7539251128556298
30.600000000000165,1.8101686635546075,0.05009252514456691,-2.853557873634973,-2.853557873634973,-0.7463197069754585,0.7463197069754585
30.700000000000166,1.8081226655032618,0.04927181903562313,-2.8496406368566167,-2.8496406368566167,-0.738705038776472,0.738705038776472
30.800000000000168,1.806064270906624,0.048452299397753834,-2.845807642845199,-2.845807642845199,-0.731080863115375,0.731080863115375
30.90000000000017,1.80399361714745,0.047634010972532566,-2.8420576030249323,-2.8420576030249323,-0.7234468873442695,0.7234468873442695
31.00000000000017,1.8019108443272176,0.046816997850945806,-2.8383892381436375,-2.8383892381436375,-0.7158027702374175,0.7158027702374175
31.100000000000172,1.7998160951618254,0.04600130346086089,-2.8348012785397967,-2.8348012785397967,-0.7081481208062251,0.7081481208062251
31.200000000000173,1.7977095148766231,0.04518697055525728,-2.831292464399529,-2.831292464399529,-0.700482496992484,0.700482496992484
31.300000000000175,1.795591251100887,0.044374041201219246,-2.8278615460032093,-2.8278615460032093,-0.6928054042286774,0.6928054042286774
31.400000000000176,1.7934614537619387,0.04356255676968925,-2.824507283961798,-2.824507283961798,-0.6851162938532076,0.6851162938532076
31.500000000000178,1.7913202749790014,0.0427525579259757,-2.8212284494426205,-2.8212284494426205,-0.6774145613668224,0.6774145613668224
31.60000000000018,1.7891678689569979,0.041944084621012845,-2.8180238243847096,-2.8180238243847096,-0.669699544515261,0.669699544515261
31.70000000000018,1.787004391880373,0.041137176083363695,-2.814892201703507,-2.814892201703507,-0.6619705211812267,0.6619705211812267
31.800000000000182,1.784830001807118,0.040331870811961414,-2.81183238548504,-2.81183238548504,-0.6542267070670333,0.6542267070670333
31.900000000000183,1.7826448585631185,0.039528206569578006,-2.808843191169473,-2.808843191169473,-0.6464672531470069,0.6464672531470069
32.000000000000185,1.7804491236369373,0.03872622037701231,-2.8059234457240994,-2.8059234457240994,-0.6386912428661874,0.6386912428661874
32.100000000000186,1.778242960075196,0.03792594850798641,-2.803071987805842,-2.803071987805842,-0.6308976890592001,0.6308976890592001
32.20000000000019,1.7760265323786224,0.03712742648473724,-2.8002876679131816,-2.8002876679131816,-0.6230855305596354,0.6230855305596354
32.30000000000019,1.7738000063989323,0.03633068907429501,-2.7975693485277975,-2.7975693485277975,-0.6152536284668543,0.6152536284668543
32.40000000000019,1.771563549236611,0.03553577028542916,-2.794915904245781,-2.794915904245781,-0.6074007620325415,0.6074007620325415
32.50000000000019,1.769317329139736,0.034742703366254145,-2.7923262218987044,-2.7923262218987044,-0.5995256241246121,0.5995256241246121
32.60000000000019,1.767061515403911,0.03395152080247547,-2.78979920066454,-2.78979920066454,-0.5916268162201321,0.5916268162201321
32.700000000000195,1.7647962782734286,0.03316225431626309,-2.7873337521686365,-2.7873337521686365,-0.5837028428724296,0.5837028428724296
32.800000000000196,1.7625217888437392,0.032374934865735436,-2.7849288005748574,-2.7849288005748574,-0.5757521055897332,0.5757521055897332
32.9000000000002,1.7602382189653218,0.03158959264503846,-2.782583282667029,-2.782583282667029,-0.567772896053632,0.567772896053632
33.0000000000002,1.757945741149014,0.03080625708500101,-2.7802961479209056,-2.7802961479209056,-0.5597633885951443,0.5597633885951443
33.1000000000002,1.7556445284729145,0.030024956854350776,-2.7780663585667833,-2.7780663585667833,-0.5517216318337058,0.5517216318337058
33.2000000000002,1.7533347544908835,0.02924571986147334,-2.7758928896429778,-2.7758928896429778,-0.5436455393697137,0.5436455393697137
33.3000000000002,1.7510165931427393,0.028468573256694423,-2.7737747290403396,-2.7737747290403396,-0.5355328794040124,0.5355328794040124
33.400000000000205,1.7486902186661981,0.027693543435069017,-2.771710877538026,-2.771710877538026,-0.5273812631370589,0.5273812631370589
33.500000000000206,1.7463558055106003,0.026920656039658545,-2.769700348830737,-2.769700348830737,-0.5191881317759532,0.5191881317759532
33.60000000000021,1.7440135282525013,0.026149935965276812,-2.767742169547619,-2.767742169547619,-0.510950741948229,0.510950741948229
33.70000000000021,1.7416635615131357,0.025381407362687198,-2.7658353792630717,-2.7658353792630717,-0.5026661492857903,0.5026661492857903
33.80000000000021,1.7393060798778293,0.024615093643230734,-2.76397903049967,-2.76397903049967,-0.4943311898998248,0.4943311898998248
33.90000000000021,1.7369412578173682,0.02385101748386871,-2.762172188723453,-2.762172188723453,-0.4859424594155836,0.4859424594155836
34.00000000000021,1.7345692696113708,0.02308920083261901,-2.7604139323317938,-2.7604139323317938,-0.4774962891725844,0.4774962891725844
34.100000000000215,1.7321902892736856,0.022329664914368344,-2.7587033526340896,-2.7587033526340896,-0.4689887191182261,0.4689887191182261
34.200000000000216,1.729804490479832,0.02157243023704311,-2.7570395538255417,-2.7570395538255417,-0.460415466826822,0.460415466826822
34.30000000000022,1.727412046496512,0.020817516598117813,-2.755421652954202,-2.755421652954202,-0.45177189195709455,0.45177189195709455
34.40000000000022,1.7250131301131983,0.020064943091445332,-2.7538487798816,-2.7538487798816,-0.44305295531236577,0.44305295531236577
34.50000000000022,1.7226079135758112,0.019314728114391083,-2.752320077237154,-2.752320077237154,-0.43425317148051024,0.43425317148051024
34.60000000000022,1.7201965685224994,0.018566889375250507,-2.7508347003665943,-2.7508347003665943,-0.42536655379348254,0.42536655379348254
34.70000000000022,1.717779265921511,0.01782144390093601,-2.7493918172746867,-2.7493918172746867,-0.4163865500431714,0.4163865500431714
34.800000000000225,1.715356176011177,0.01707840804491444,-2.747990608562465,-2.747990608562465,-0.4073059670000834,0.4073059670000834
34.900000000000226,1.7129274682419746,0.016337797495377542,-2.746630267359191,-2.746630267359191,-0.39811688127413164,0.39811688127413164
35.00000000000023,1.7104933112207024,0.0155996272836312,-2.74530999924936,-2.74530999924936,-0.38881053339173416,0.38881053339173416
35.10000000000023,1.7080538726567118,0.014863911792683697,-2.7440290221948755,-2.7440290221948755,-0.37937720108159884,0.37937720108159884
35.20000000000023,1.70560931931023,0.014130664766022094,-2.742786566452728,-2.742786566452728,-0.36980604658042615,0.36980604658042615
35.30000000000023,1.703159816942718,0.013399899316555403,-2.7415818744883236,-2.7415818744883236,-0.3600849311676393,0.3600849311676393
35.40000000000023,1.700705530269278,0.012671627935715487,-2.7404142008847723,-2.7404142008847723,-0.35020018793757957,0.35020018793757957
35.500000000000234,1.6982466229130746,0.011945862502695664,-2.7392828122482777,-2.7392828122482777,-0.34013634075100435,0.34013634075100435
35.600000000000236,1.6957832573617395,0.011222614293817126,-2.738186987109895,-2.738186987109895,-0.3298757529683565,0.3298757529683565
35.70000000000024,1.6933155949257677,0.010501893992006439,-2.737126015823862,-2.737126015823862,-0.31939818332102415,0.31939818332102415
35.80000000000024,1.6908437956988425,0.009783711696372398,-2.7360992004627214,-2.7360992004627214,-0.30868021711501764,0.30868021711501764
35.90000000000024,1.6883680185200927,0.009068076931867343,-2.7351058547094254,-2.7351058547094254,-0.29769452723981443,0.29769452723981443
36.00000000000024,1.6858884209382168,0.008354998659023874,-2.7341453037465953,-2.7341453037465953,-0.2864088984177347,0.2864088984177347
36.10000000000024,1.683405159177497,0.007644485283750854,-2.7332168841432427,-2.7332168841432427,-0.27478491501727187,0.27478491501727187
36.200000000000244,1.6809183881056116,0.006936544667179789,-2.732319943738996,-2.732319943738996,-0.26277615905767954,0.26277615905767954
36.300000000000246,1.6784282612032582,0.00623118413554885,-2.7314538415261245,-2.7314538415261245,-0.25032567493273555,0.25032567493273555
36.40000000000025,1.6759349305355329,0.005528410490115338,-2.730617947529521,-2.730617947529521,-0.23736230010362783,0.23736230010362783
36.50000000000025,1.6734385467250277,0.004828230017084163,-2.7298116426847665,-2.7298116426847665,-0.2237951734587354,0.2237951734587354
36.60000000000025,1.6709392589266265,0.00413064849754473,-2.729034318714546,-2.729034318714546,-0.20950517753702577,0.20950517753702577
36.70000000000025,1.668437214803945,0.003435671217404289,-2.7282853780034504,-2.7282853780034504,-0.19433092360077636,0.19433092360077636
36.80000000000025,1.6659325605073896,0.0027433029773109964,-2.727564233471485,-2.727564233471485,-0.17804431469022194,0.17804431469022194
36.900000000000254,1.663425440653791,0.002053548102556461,-2.7268703084462755,-2.7268703084462755,-0.16030430066402016,0.16030430066402016
37.000000000000256,1.6609159983075763,0.0013664104529504757,-2.7262030365342533,-2.7262030365342533,-0.14055897534644143,0.14055897534644143
37.10000000000026,1.658404374963442,0.0006818934326586465,-2.7255618614908803,-2.7255618614908803,-0.11780110271852892,0.11780110271852892
37.20000000000026,1.6558907105304845,0,-2.72494623709012,-2.72494623709012,-0.0897638549553984,0.0897638549553984
37.30000000000026,1.6533751433177535,-0.0006792673228179097,-2.7243556269931597,-2.7243556269931597,-0.047931616214248185,0.047931616214248185
37.40000000000026,1.6508578100211917,-0.0013559064399945352,-2.7821329550507325,-2.6654460541828513,0,0
37.50000000000026,1.6483388457119053,-0.0020299156725291463,-2.818364996795732,-2.6281297092065947,0,0
37.600000000000264,1.6458183838257496,-0.0027012937486589617,-2.843697663918279,-2.601759665436535,0,0
37.700000000000266,1.6432965561541786,-0.0033700397943812414,-2.8642296449684137,-2.5802362381016706,0,0
37.80000000000027,1.640773492836304,-0.004036153324053394,-2.8818745341535053,-2.5616448552251168,0,0
37.90000000000027,1.6382493223521606,-0.004699634231080234,-2.8975335456684665,-2.545083343028674,0,0
38.1,1.6331981654773446,-0.006018699590795766,-2.9247481841598657,-2.5161919332130775,0,0
38.2,1.6306714277064753,-0.006674285642983558,-2.936846038472106,-2.5033179776407524,0,0
38.300000000000004,1.628144080003154,-0.00732724225355609,-2.9481681992128794,-2.491260046888312,0,0
38.400000000000006,1.62561624248969,-0.007977571074721574,-2.958832185439347,-2.4798997492844124,0,0
38.50000000000001,1.6230880336116122,-0.008625274083871318,-2.9689285064023263,-2.469145719571153,0,0
38.60000000000001,1.6205595701381803,-0.009270353574971817,-2.978528648535898,-2.4589256316549255,0,0
38.70000000000001,1.6180309671637614,-0.009912812150070808,-2.9876902565669425,-2.4491810172386534,0,0
38.80000000000001,1.6155023381100786,-0.010552652710917335,-2.996460627701416,-2.439863771378974,0,0
38.90000000000001,1.6129737947292706,-0.011189878450701478,-3.0048791456974366,-2.430933718158147,0,0
39.000000000000014,1.6104454471077294,-0.011824492845911019,-3.0129790235795766,-2.4223568677166396,0,0
39.100000000000016,1.6079174036707078,-0.012456499648311711,-3.0207885810520754,-2.414104138588643,0,0
39.20000000000002,1.6053897711876317,-0.013085902877047762,-3.028332200144772,-2.406150401806878,0,0
39.30000000000002,1.6028626547781113,-0.013712706810867671,-3.035631053034428,-2.3984737528340814,0,0
39.40000000000002,1.6003361579186008,-0.014336915980473652,-3.0427036651765103,-2.391054948186245,0,0
39.50000000000002,1.5978103824496888,-0.014958535160997119,-3.0495663571793217,-2.3838769633156915,0,0
39.60000000000002,1.5952854285839881,-0.015577569364599503,-3.0562335959233007,-2.3769246412513847,0,0
39.700000000000024,1.5927613949145942,-0.016194023833201166,-3.0627182767483965,-2.3701844101735494,0,0
39.800000000000026,1.5902383784240772,-0.016807904031335908,-3.069031952584634,-2.363644054047509,0,0
39.90000000000003,1.5877164744939904,-0.017419215639133036,-3.0751850217496095,-2.3572925245931744,0,0
40.00000000000003,1.5851957769148708,-0.018027964545427176,-3.0811868831902363,-2.351119785812828,0,0
40.10000000000003,1.5826763778966848,-0.0186341568409942,-3.08704606582281,-2.3451166844232096,0,0
40.20000000000003,1.5801583680797193,-0.019237798811914467,-3.092770337073973,-2.3392748410893622,0,0
40.30000000000003,1.577641836545886,-0.01983889693306364,-3.0983667945769477,-2.3335865585059308,0,0
40.400000000000034,1.5751268708303925,-0.020437457861727338,-3.1038419441175757,-2.328044743231347,0,0
40.500000000000036,1.5726135569337991,-0.021033488431343516,-3.1092017662736926,-2.322642838831508,0,0
40.60000000000004,1.5701019793343993,-0.021626995645368345,-3.11445177369364,-2.3173747683870394,0,0
40.70000000000004,1.5675922210009223,-0.022217986671266846,-3.119597060575465,-2.312234884802728,0,0
40.80000000000004,1.5650843634055338,-0.02280646883462676,-3.124642345609156,-2.3072179276567173,0,0
40.90000000000004,1.5625784865371157,-0.02339244961339448,-3.129592009409376,-2.3023189855620965,0,0
41.00000000000004,1.5600746689147953,-0.02397593663223269,-3.1344501272803313,-2.2975334631991595,0,0
41.100000000000044,1.5575729876017175,-0.024556937656997863,-3.139220498006365,-2.292857052324829,0,0
41.200000000000045,1.5550735182190327,-0.025135460589338028,-3.1439066692431084,-2.2882857061844057,0,0
41.30000000000005,1.552576334960085,-0.025711513461407053,-3.1485119599880687,-2.2838156168466877,0,0
41.40000000000005,1.5500815106047943,-0.02628510443069676,-3.1530394805318136,-2.279443195061518,0,0
41.50000000000005,1.5475891165341862,-0.026856241774984534,-3.157492150227088,-2.275165052302044,0,0
41.60000000000005,1.5450992227450882,-0.027424933887393848,-3.161872713361213,-2.2709779847067755,0,0
41.70000000000005,1.5426118978649612,-0.02799118927156915,-3.166183753373787,-2.266878958679074,0,0
41.800000000000054,1.5401272091668416,-0.028555016536961287,-3.1704277056261225,-2.2628650979377856,0,0
41.900000000000055,1.5376452225843975,-0.02911642439422259,-3.174606868898939,-2.25893367184246,0,0
42.00000000000006,1.5351660027270777,-0.029675421650710656,-3.1787234157699933,-2.25508208484145,0,0
42.10000000000006,1.5326896128953393,-0.030232017206099342,-3.182779402002322,-2.251307866912229,0,0
42.20000000000006,1.5302161150959395,-0.030786220048094375,-3.186776775056111,-2.2476086648808398,0,0
42.30000000000006,1.5277455700572873,-0.03133803924825357,-3.190717381822228,-2.2439822345224725,0,0
42.40000000000006,1.5252780372448287,-0.03188748395790819,-3.194602975662765,-2.2404264333577695,0,0
42.500000000000064,1.5228135748764808,-0.03243456340418605,-3.198435222833026,-2.236939214070469,0,0
42.600000000000065,1.5203522399380707,-0.03297928688613358,-3.2022157083501477,-2.2335186184810594,0,0
42.70000000000007,1.517894088198794,-0.03352166377093397,-3.2059459413655578,-2.2301627720193387,0,0
42.80000000000007,1.5154391742266717,-0.034061703490222875,-3.2096273600915755,-2.2268698786454584,0,0
42.90000000000007,1.5129875514040059,-0.03459941553649734,-3.2132613363265925,-2.223638216175053,0,0
43.00000000000007,1.510539271942808,-0.03513480945961736,-3.2168491796180496,-2.220466131969169,0,0
43.10000000000007,1.5080943869002084,-0.03566789486339798,-3.2203921410980225,-2.2173520389541577,0,0
43.200000000000074,1.505652946193835,-0.03619868140229235,-3.2238914170223336,-2.214294411940648,0,0
43.300000000000075,1.5032149986171492,-0.03672717877816024,-3.2273481520406646,-2.211291784213999,0,0
43.40000000000008,1.5007805918547281,-0.037253396737124286,-3.2307634422222566,-2.2083427443716825,0,0
43.50000000000008,1.4983497724974983,-0.03777734506650993,-3.2341383378590947,-2.2054459333856333,0,0
43.60000000000008,1.4959225860579108,-0.03829903359186768,-3.237473846066235,-2.2026000418699554,0,0
43.70000000000008,1.4934990769850378,-0.038818472174078876,-3.2407709331969072,-2.1998038075361848,0,0
43.80000000000008,1.4910792886796058,-0.03933567070653754,-3.244030527088221,-2.1970560128203918,0,0
43.900000000000084,1.4886632635089458,-0.03985063911241403,-3.247253519151723,-2.1943554826677047,0,0
44.000000000000085,1.4862510428218572,-0.040363387341992185,-3.2504407663217405,-2.1917010824614866,0,0
44.10000000000009,1.4838426669633875,-0.04087392537008373,-3.2535930928730123,-2.1890917160853656,0,0
44.20000000000009,1.4814381752895116,-0.041382263193514325,-3.256711292118241,-2.186526324107685,0,0
44.30000000000009,1.4790376061817248,-0.04188841082868294,-3.2597961279950383,-2.1840038820788017,0,0
44.40000000000009,1.476640997061509,-0.04239237830919013,-3.2628483365508902,-2.1815233989324314,0,0
44.50000000000009,1.4742483844047283,-0.04289417568353733,-3.265868627334067,-2.17908391548335,0,0
44.600000000000094,1.4718598037558774,-0.04339381301289087,-3.268857684697579,-2.1766845030140964,0,0
44.700000000000095,1.4694752897422496,-0.04389130036891472,-3.2718161690226997,-2.1743242619441783,0,0
44.8000000000001,1.467094876087967,-0.044386647831665973,-3.274744717868065,-2.1720023205758583,0,0
44.9000000000001,1.4647185956278939,-0.044879865487553454,-3.2776439470496816,-2.16971783391092,0,0
45.0000000000001,1.4623464803214414,-0.04537096342735925,-3.280514451656933,-2.167469982533571,0,0
45.1000000000001,1.4599785612662368,-0.04585995174432001,-3.2833568070090546,-2.1652579715547455,0,0
45.2000000000001,1.4576148687116648,-0.04634684053226628,-3.286171569556283,-2.1630810296136906,0,0
45.300000000000104,1.45525543207229,-0.04683163988382114,-3.288959277729546,-2.160938407932937,0,0
45.400000000000105,1.4529002799411397,-0.04731435988865385,-3.2917204527421755,-2.158829379423094,0,0
45.50000000000011,1.4505494401028565,-0.04779501063178907,-3.2944555993468914,-2.1567532378341836,0,0
45.60000000000011,1.4482029395467257,-0.048273602191969855,-3.2971652065511003,-2.154709296950534,0,0
45.70000000000011,1.4458608044795496,-0.04875014464007247,-3.2998497482931777,-2.152696889826391,0,0
45.80000000000011,1.4435230603384084,-0.04922464803757399,-3.302509684082369,-2.150715368059738,0,0
45.90000000000011,1.441189731803264,-0.049697122435068165,-3.3051454596045735,-2.148764101101849,0,0
46.000000000000114,1.4388608428094285,-0.05016757787083029,-3.3077575072962637,-2.146842475600464,0,0
46.100000000000115,1.4365364165599128,-0.050636024369431785,-3.310346246888487,-2.144949894774535,0,0
46.20000000000012,1.434216475537602,-0.051102471940398186,-3.31291208592286,-2.1430857778185546,0,0
46.30000000000012,1.4319010415173268,-0.051566930576915505,-3.31545542024126,-2.14124955933485,0,0
46.40000000000012,1.4295901355777592,-0.05202941025457765,-3.317976634450825,-2.1394406887920767,0,0
46.50000000000012,1.4272837781131917,-0.05248992093018038,-3.32047610236574,-2.1376586300084863,0,0
46.60000000000012,1.4249819888451696,-0.05294847254055479,-3.322954187427243,-2.1359028606585193,0,0
46.700000000000124,1.4226847868339716,-0.05340507500144287,-3.3254112431030567,-2.1341728718014195,0,0
46.800000000000125,1.4203921904899595,-0.053859738206412815,-3.3278476132675356,-2.132468167430573,0,0
46.90000000000013,1.4181042175847842,-0.05431247202581382,-3.330263632563582,-2.1307882640425664,0,0
47.00000000000013,1.4158208852624452,-0.054763286305767614,-3.332659626747412,-2.129132690224748,0,0
47.10000000000013,1.4135422100502126,-0.055212190867198745,-3.3350359130171094,-2.127500986260369,0,0
47.20000000000013,1.411268207869412,-0.05565919550489948,-3.337392800325941,-2.1258927037503783,0,0
47.30000000000013,1.4089988940460592,-0.05610430998663042,-3.339730589681196,-2.1243074052509576,0,0
47.400000000000134,1.4067342833213634,-0.05654754405225555,-3.3420495744294207,-2.1227446639259653,0,0
47.500000000000135,1.404474389862089,-0.056988907412910184,-3.3443500405287443,-2.121204063213593,0,0
47.600000000000136,1.4022192272707723,-0.057428409750201505,-3.3466322668090327,-2.1196851965064356,0,0
47.70000000000014,1.3999688085958104,-0.05786606071544094,-3.3488965252204728,-2.1181876668443294,0,0
47.80000000000014,1.397723146341399,-0.05830186992890683,-3.3511430810712475,-2.116711086619322,0,0
47.90000000000014,1.3954822524773514,-0.05873584697913751,-3.3533721932548546,-2.1152550772922023,0,0
48.00000000000014,1.3932461384487604,-0.059168001422253466,-3.355584114467605,-2.113819269119957,0,0
48.10000000000014,1.3910148151855395,-0.05959834278130698,-3.3577790914168073,-2.112403300893681,0,0
48.200000000000145,1.3887882931118265,-0.060026880545661,-3.359957365020146,-2.111006819686467,0,0
48.300000000000146,1.386566582155253,-0.0604536241703936,-3.362119170596643,-2.1096294806107165,0,0
48.40000000000015,1.3843496917560765,-0.06087858307572836,-3.364264738049689,-2.10827094658451,0,0
48.50000000000015,1.382137630876188,-0.06130176664649112,-3.366394292042467,-2.1069308881065605,0,0
48.60000000000015,1.3799304080079877,-0.06172318423159099,-3.368508052166247,-2.105608983039434,0,0
48.70000000000015,1.3777280311831295,-0.06214284514352506,-3.370606233101782,-2.1043049164005563,0,0
48.80000000000015,1.3755305079811324,-0.06256075865790653,-3.3726890447742264,-2.1030183801607363,0,0
48.900000000000155,1.3733378455378782,-0.06297693401301617,-3.3747566925018675,-2.1017490730498585,0,0
49.000000000000156,1.3711500505539698,-0.06339138040937511,-3.3768093771389442,-2.100496700369394,0,0
49.10000000000016,1.368967129302965,-0.06380410700933827,-3.3788472952128554,-2.0992609738114494,0,0
49.20000000000016,1.3667890876395037,-0.06421512293671147,-3.380870639056024,-2.0980416112841187,0,0
49.30000000000016,1.364615931007286,-0.0646244372763854,-3.3828795969326455,-2.096838336742779,0,0
49.40000000000016,1.362447664446949,-0.06503205907399073,-3.3848743531605807,-2.095650880027133,0,0
49.50000000000016,1.3602842926038188,-0.06543799733557314,-3.3868550882285886,-2.0944789767037655,0,0
49.600000000000165,1.3581258197355404,-0.0658422610272853,-3.3888219789091654,-2.093322367913969,0,0
49.700000000000166,1.3559722497195872,-0.06624485907509717,-3.390775198367105,-2.092180800226585,0,0
49.80000000000017,1.3538235860606647,-0.06664580036452485,-3.392714916264054,-2.091054025495705,0,0
49.90000000000017,1.3516798318979901,-0.06704509374037533,-3.394641298859197,-2.0899418007230466,0,0
50.00000000000017,1.3495409900124609,-0.06744274800650751,-3.3965545091062403,-2.088843887924739,0,0
50.10000000000017,1.3474070628337083,-0.06783877192560978,-3.398454706746887,-2.0877600540024113,0,0
50.20000000000017,1.34527805244705,-0.06823317421899358,-3.400342048400924,-2.0866900706184146,0,0
50.300000000000175,1.3431539606003144,-0.06862596356639988,-3.4022166876530897,-2.0856337140749557,0,0
50.400000000000176,1.3410347887105736,-0.06901714860582304,-3.4040787751368393,-2.0845907651970412,0,0
50.50000000000018,1.3389205378707607,-0.0694067379333463,-3.405928458615176,-2.083561009219104,0,0
50.60000000000018,1.3368112088561845,-0.06979474010299261,-3.407765883058621,-2.0825442356750847,0,0
50.70000000000018,1.3347068021309334,-0.07018116362658788,-3.4095911907204974,-2.0815402382919315,0,0
50.80000000000018,1.332607317854182,-0.07056601697363722,-3.41140452120959,-2.080548814886338,0,0
50.90000000000018,1.3305127558863934,-0.07094930857121363,-3.4132060115603298,-2.07956976726461,0,0
51.000000000000185,1.3284231157954252,-0.07133104680385975,-3.4149957963005804,-2.0786029011255467,0,0
51.100000000000186,1.326338396862526,-0.07171124001349921,-3.416774007517142,-2.0776480259662278,0,0
51.20000000000019,1.3242585980882378,-0.07208989649936097,-3.418540774919042,-2.0767049549905865,0,0
51.30000000000019,1.3221837181982135,-0.07246702451791481,-3.4202962258987237,-2.075773505020696,0,0
51.40000000000019,1.3201137556489175,-0.0728426322828158,-3.4220404855912134,-2.074853496410638,0,0
51.50000000000019,1.318048708633244,-0.07321672796486008,-3.4237736769313356,-2.0739447529628787,0,0
51.60000000000019,1.315988575086048,-0.07358931969195161,-3.4254959207090594,-2.073047101847081,0,0
51.700000000000195,1.3139333526895742,-0.07396041554907644,-3.4272073356230615,-2.0721603735212404,0,0
51.800000000000196,1.311883038878789,-0.07433002357828707,-3.428908038332546,-2.0712844016550336,0,0
51.9000000000002,1.3098376308466504,-0.0746981517786976,-3.4305981435074235,-2.070419023055429,0,0
52.0000000000002,1.307797125549257,-0.07506480810648397,-3.432277763876889,-2.069564077594291,0,0
52.1000000000002,1.3057615197109294,-0.07543000047489587,-3.433947010276462,-2.068719408138092,0,0
52.2000000000002,1.3037308098292082,-0.07579373675427574,-3.4356059916935653,-2.0678848604795554,0,0
52.3000000000002,1.30170499217975,-0.07615602477208451,-3.4372548153116687,-2.0670602832711658,0,0
52.400000000000205,1.2996840628211603,-0.07651687231293658,-3.438893586553081,-2.0662455279605556,0,0
52.500000000000206,1.2976680175997313,-0.07687628711864106,-3.440522409120418,-2.0654404487276286,0,0
52.60000000000021,1.2956568521541036,-0.07723427688825059,-3.44214138503681,-2.0646449024233995,0,0
52.70000000000021,1.2936505619198484,-0.07759084927811666,-3.443750614684886,-2.0638587485104947,0,0
52.80000000000021,1.291649142133969,-0.07794601190195166,-3.4453501968445894,-2.0630818490052416,0,0
52.90000000000021,1.2896525878393257,-0.07829977233089722,-3.4469402287298534,-2.0623140684213266,0,0
53.00000000000021,1.287660893888988,-0.07865213809359896,-3.4485208060241894,-2.061555273714924,0,0
53.100000000000215,1.2856740549505083,-0.07900311667628679,-3.450092022915232,-2.0608053342313086,0,0
53.200000000000216,1.2836920655101176,-0.07935271552286066,-3.451653972128248,-2.0600641216528337,0,0
53.30000000000022,1.28171491987686,-0.07970094203498261,-3.4532067449587043,-2.059331509948327,0,0
53.40000000000022,1.2797426121866442,-0.08004780357217359,-3.4547504313038426,-2.058607375323729,0,0
53.50000000000022,1.2777751364062278,-0.08039330745191492,-3.4562851196933915,-2.057891596174077,0,0
53.60000000000022,1.2758124863371367,-0.08073746094975537,-3.457810897319373,-2.0571840530367025,0,0
53.70000000000022,1.273854655619511,-0.08108027129942326,-3.4593278500650664,-2.0564846285456064,0,0
53.800000000000225,1.2719016377358798,-0.081421745692941,-3.4608360625331547,-2.0557932073870253,0,0
53.900000000000226,1.2699534260148815,-0.08176189128074704,-3.4623356180730824,-2.055109676256115,0,0
54.00000000000023,1.2680100136349064,-0.08210071517181931,-3.4638265988076404,-2.054433923814725,0,0
54.10000000000023,1.2660713936276848,-0.08243822443380454,-3.4653090856588387,-2.0537658406502555,0,0
54.20000000000023,1.2641375588817998,-0.08277442609314949,-3.4667831583730204,-2.0531053192354873,0,0
54.30000000000023,1.2622085021461538,-0.08310932713523851,-3.4682488955453397,-2.052452253889487,0,0
54.40000000000023,1.2602842160333596,-0.08344293450453179,-3.4697063746435353,-2.0518065407394217,0,0
54.500000000000234,1.2583646930230732,-0.08377525510470872,-3.4711556720310663,-2.0511680776833225,0,0
54.600000000000236,1.2564499254652814,-0.08410629579881489,-3.472596862989653,-2.0505367643538053,0,0
54.70000000000024,1.2545399055835051,-0.08443606340940989,-3.4740300217411666,-2.049912502082605,0,0
54.80000000000024,1.2526346254779717,-0.08476456471872079,-3.475455221468993,-2.0492951938660458,0,0
54.90000000000024,1.2507340771287108,-0.0850918064687964,-3.4768725343387814,-2.0486847443312857,0,0