0,1.463507946451282,0.43574561757703495,-1.390203060593623,-1.666816648207738
0.1,1.4658230376152437,0.43686118192568413,-1.3915410462674056,-1.6682432431561478
0.2,1.4681446701551935,0.43797999501392215,-1.3928831412306897,-1.669673977745036
0.30000000000000004,1.4704728743267728,0.4391020719818928,-1.3942293653967068,-1.6711088710157707
0.4,1.4728076805745969,0.44022742806196813,-1.395579738805529,-1.6725479421240559
0.5,1.4751491195337745,0.44135607857949777,-1.3969342816250931,-1.6739912103408146
0.6,1.4774972220314468,0.4424880389535425,-1.398293014152265,-1.6754386950530884
0.7,1.479852019088324,0.4436233246976229,-1.3996559568138864,-1.6768904157649358
0.7999999999999999,1.4822135419202584,0.44476195142047775,-1.4010231301678653,-1.6783463920983677
0.8999999999999999,1.4845818219398241,0.44590393482683105,-1.402394554904246,-1.67980664379425
0.9999999999999999,1.4869568907579063,0.4470492907181639,-1.403770251846314,-1.6812711907132485
1.0999999999999999,1.4893387801853268,0.44819803499349226,-1.4051502419517017,-1.6827400528367804
1.2,1.4917275222344542,0.4493501836501625,-1.4065345463135044,-1.6842132502679565
1.3,1.4941231491208713,0.45050575278464355,-1.407923186161417,-1.6856908032325506
1.4000000000000001,1.4965256932650108,0.45166475859333505,-1.4093161828628653,-1.6871727320799659
1.5000000000000002,1.4989351872938592,0.452827217373385,-1.4107135579241874,-1.6886590572842362
1.6000000000000003,1.501351664042635,0.4539931455235065,-1.4121153329917668,-1.6901497994449979
1.7000000000000004,1.503775156556508,0.45516255954481477,-1.4135215298532373,-1.6916449792885058
1.8000000000000005,1.5062056980923344,0.456335476041665,-1.4149321704386713,-1.6931446176686495
1.9000000000000006,1.5086433221203912,0.4575119117225068,-1.4163472768217724,-1.6946487355679671
2.0000000000000004,1.5110880623261629,0.45869188340073597,-1.4177668712211227,-1.6961573540986976
2.1000000000000005,1.5135399526121012,0.45987540799556886,-1.419190976001372,-1.697670494503805
2.2000000000000006,1.5159990270994514,0.4610625025329121,-1.4206196136745213,-1.6991881781580516
2.3000000000000007,1.5184653201300569,0.46225318414626015,-1.422052806901165,-1.700710426569065
2.400000000000001,1.5209388662682088,0.46344747007758214,-1.4234905784917613,-1.7022372613784107
2.500000000000001,1.5234197003024952,0.4646453776782277,-1.4249329514079152,-1.7037687043626821
2.600000000000001,1.525907857247694,0.46584692440985037,-1.4263799487636901,-1.705304777434607
2.700000000000001,1.528403372346655,0.46705212784532313,-1.4278315938269153,-1.7068455026441647
2.800000000000001,1.5309062810722267,0.4682610056696813,-1.429287910020506,-1.7083909021796955
2.9000000000000012,1.5334166191291894,0.469473575681062,-1.4307489209238209,-1.7099409983690554
3.0000000000000013,1.5359344224562201,0.470689855791667,-1.4322146502740036,-1.7114958136807497
3.1000000000000014,1.5384597272278562,0.4719098640287175,-1.4336851219673667,-1.7130553707251048
3.2000000000000015,1.5409925698565072,0.4731336185354433,-1.4351603600607743,-1.7146196922554344
3.3000000000000016,1.5435329869944685,0.4743611375720588,-1.4366403887730343,-1.7161888011692243
3.4000000000000017,1.5460810155359643,0.4755924395167694,-1.4381252324863418,-1.7177627205093429
3.5000000000000018,1.5486366926192057,0.4768275428667744,-1.4396149157476856,-1.7193414734652304
3.600000000000002,1.5512000556284746,0.47806646623928895,-1.4411094632703012,-1.7209250833741372
3.700000000000002,1.5537711421962397,0.4793092283725724,-1.4426088999351543,-1.722513573722358
3.800000000000002,1.5563499902052673,0.48055584812697333,-1.444113250792399,-1.7241069681464771
3.900000000000002,1.5589366377907834,0.4818063444859843,-1.4456225410628922,-1.7257052904346377
4.000000000000002,1.561531123342644,0.4830607365573001,-1.4471367961396964,-1.727308564527811
4.100000000000001,1.5641334855075284,0.4843190435738998,-1.448656041589613,-1.7289168145210831
4.200000000000001,1.5667437631911647,0.485581284895137,-1.4501803031547364,-1.7305300646649762
4.300000000000001,1.5693619955605582,0.4868474800078337,-1.451709606754011,-1.7321483393667454
4.4,1.5719882220462789,0.48811764852739675,-1.4532439784848172,-1.7337716631917266
4.5,1.5746224823447377,0.4893918101989438,-1.4547834446245722,-1.7354000608646634
4.6,1.5772648164205045,0.4906699848984404,-1.4563280316323501,-1.7370335572710947
4.699999999999999,1.5799152645086447,0.4919521926338474,-1.457877766150507,-1.7386721774586966
4.799999999999999,1.582573867117099,0.4932384535462869,-1.4594326750063575,-1.7403159466387093
4.899999999999999,1.5852406650290518,0.49452878791121385,-1.460992785213818,-1.7419648901873064
4.999999999999998,1.5879156993053667,0.4958232161396085,-1.4625581239751297,-1.7436190336470383
5.099999999999998,1.5905990112870125,0.4971217587791759,-1.4641287186825451,-1.745278402728257
5.1999999999999975,1.593290642597549,0.49842443651556745,-1.4657045969200742,-1.746943023310577
5.299999999999997,1.5959906351455995,0.499731270173595,-1.4672857864652236,-1.748612921444323
5.399999999999997,1.598699031127395,0.5010422807184941,-1.4688723152907766,-1.7502881233520347
5.4999999999999964,1.6014158730293087,0.5023574892571646,-1.4704642115665787,-1.7519686554299558
5.599999999999996,1.6041412036304354,0.5036769170394431,-1.4720615036613378,-1.7536545442495384
5.699999999999996,1.6068750660052014,0.5050005854593984,-1.4736642201444754,-1.7553458165589946
5.799999999999995,1.6096175035259879,0.506328516056617,-1.4752723897879614,-1.757042499284831
5.899999999999995,1.6123685598658046,0.5076607305175301,-1.4768860415681948,-1.7587446195334175
5.999999999999995,1.615128279000967,0.5089972506767325,-1.4785052046678975,-1.7604522045925723
6.099999999999994,1.617896705213827,0.5103380985183313,-1.4801299084780264,-1.7621652819331546
6.199999999999994,1.6206738830955145,0.5116832961773021,-1.4817601825997118,-1.7638838792106863
6.299999999999994,1.6234598575487245,0.5130328659408687,-1.4833960568462274,-1.7656080242669934
6.399999999999993,1.6262546737905168,0.5143868302498877,-1.4850375612449578,-1.7673377451318435
6.499999999999993,1.6290583773551734,0.515745211700255,-1.4866847260394194,-1.7690730700246335
6.5999999999999925,1.6318710140970452,0.5171080330443313,-1.4883375816912707,-1.770814027356062
6.699999999999992,1.6346926301934823,0.5184753171923748,-1.4899961588823862,-1.7725606457298544
6.799999999999992,1.6375232721477606,0.519847087214,-1.4916604885169176,-1.774312953944482
6.8999999999999915,1.6403629867920286,0.5212233663396448,-1.4933306017233927,-1.776070980994899
6.999999999999991,1.643211821290353,0.5226041779620642,-1.4950065298568584,-1.7778347560743368
7.099999999999991,1.6460698231417064,0.5239895456378278,-1.4966883045010024,-1.7796043085760491
7.19999999999999,1.64893704018306,0.5253794930888435,-1.4983759574703461,-1.7813796680951457
7.29999999999999,1.6518135205924895,0.5267740442039036,-1.5000695208124464,-1.7831608644304155
7.39999999999999,1.6546993128922938,0.5281732230402333,-1.5017690268101063,-1.7849479275861617
7.499999999999989,1.6575944659521766,0.5295770538250681,-1.5034745079836347,-1.7867408877740685
7.599999999999989,1.6604990289924555,0.5309855609572512,-1.505185997093124,-1.7885397754150925
7.699999999999989,1.6634130515872971,0.532398769008841,-1.5069035271407587,-1.7903446211413772
7.799999999999988,1.6663365836679949,0.5338167027267419,-1.508627131373135,-1.792155455798162
7.899999999999988,1.6692696755263028,0.5352393870343515,-1.5103568432836336,-1.7939723104457583
7.999999999999988,1.6722123778177536,0.5366668470332336,-1.5120926966147923,-1.7957952163614972
8.099999999999987,1.6751647415650885,0.5380991080048029,-1.5138347253607314,-1.7976242050417464
8.199999999999987,1.6781268181616513,0.539536195412028,-1.5155829637695983,-1.7994593082039156
8.299999999999986,1.6810986593748833,0.5409781349011673,-1.5173374463460287,-1.8013005577884937
8.399999999999986,1.6840803173498056,0.5424249523035055,-1.519098207853657,-1.8031479859611228
8.499999999999986,1.6870718446125819,0.543876673637131,-1.520865283317651,-1.8050016251146777
8.599999999999985,1.6900732940741017,0.5453333251087153,-1.522638708027266,-1.8068615078713772
8.699999999999985,1.6930847190335923,0.5467949331153262,-1.5244185175384335,-1.808727667084913
8.799999999999985,1.6961061731823102,0.5482615242462573,-1.5262047476763994,-1.8106001358426207
8.899999999999984,1.6991377106072316,0.5497331252848795,-1.527997434538363,-1.8124789474676468
8.999999999999984,1.702179385794811,0.5512097632105116,-1.5297966144961694,-1.8143641355211673
9.099999999999984,1.7052312536347738,0.5526914652003174,-1.5316023241990322,-1.816255733804607
9.199999999999983,1.7082933694239624,0.5541782586312269,-1.5334146005762768,-1.8181537763619213
9.299999999999983,1.711365788870205,0.5556701710818664,-1.5352334808401318,-1.8200582974818555
9.399999999999983,1.7144485680962485,0.5571672303345327,-1.5370590024885307,-1.8219693317002579
9.499999999999982,1.7175417636437287,0.5586694643771671,-1.5388912033079902,-1.82388691380243
9.599999999999982,1.7206454324771898,0.5601769014053792,-1.5407301213764761,-1.8258110788254804
9.699999999999982,1.723759631988139,0.5616895698244642,-1.5425757950663255,-1.8277418620607062
9.799999999999981,1.7268844199991706,0.5632074982514752,-1.5444282630472106,-1.8296792990560238
9.89999999999998,1.730019854768109,0.5647307155172917,-1.5462875642891305,-1.8316234256184114
9.99999999999998,1.7331659949922182,0.5662592506687365,-1.5481537380654335,-1.8335742778163695
10.09999999999998,1.73632289981246,0.5677931329707014,-1.550026823955884,-1.8355318919824386
10.19999999999998,1.739490628817793,0.5693323919083045,-1.5519068618497724,-1.8374963047157205
10.29999999999998,1.7426692420495287,0.5708770571890783,-1.553793891949051,-1.839467552884442
10.399999999999979,1.745858800005729,0.5724271587451666,-1.5556879547715021,-1.8414456736285294
10.499999999999979,1.749059363645667,0.5739827267355734,-1.5575890911539791,-1.843430704362252
10.599999999999978,1.752270994394337,0.5755437915484166,-1.5594973422556484,-1.8454226827768558
10.699999999999978,1.7554937541470024,0.577110383803216,-1.5614127495612908,-1.847421646843242
10.799999999999978,1.7587277052738242,0.5786825343532187,-1.5633353548846396,-1.8494276348146879
10.899999999999977,1.7619729106245063,0.5802602742877291,-1.5652652003717538,-1.8514406852295728
10.999999999999977,1.7652294335330432,0.5818436349344946,-1.567202328504454,-1.8534608369141734
11.099999999999977,1.7684973378224715,0.5834326478621005,-1.5691467821037643,-1.85548812898545
11.199999999999976,1.7717766878097296,0.5850273448824013,-1.571098604333449,-1.8575226008539094
11.299999999999976,1.7750675483105207,0.5866277580529792,-1.5730578387035237,-1.8595642922264468
11.399999999999975,1.7783699846442786,0.5882339196796342,-1.5750245290738838,-1.8616132431092802
11.499999999999975,1.7816840626391692,0.5898458623189022,-1.5769987196579207,-1.8636694938108707
11.599999999999975,1.7850098486371533,0.5914636187806094,-1.5789804550262159,-1.8657330849449107
11.699999999999974,1.788347409499121,0.5930872221304454,-1.5809697801102691,-1.8678040574333257
11.799999999999974,1.7916968126100605,0.594716705692583,-1.5829667402062708,-1.8698824525093167
11.899999999999974,1.7950581258843274,0.5963521030523169,-1.5849713809789294,-1.871968311720448
11.999999999999973,1.7984314177709364,0.5979934480587416,-1.586983748465337,-1.874061676931753
12.099999999999973,1.8018167572589543,0.5996407748274667,-1.5890038890789073,-1.8761625903289063
12.199999999999973,1.8052142138829173,0.6012941177433457,-1.5910318496133207,-1.8782710944213938
12.299999999999972,1.8086238577283447,0.6029535114632626,-1.5930676772465522,-1.8803872320457453
12.399999999999972,1.8120457594373125,0.6046189909189381,-1.595111419544955,-1.8825110463688124
12.499999999999972,1.815479990214079,0.6062905913197753,-1.5971631244673625,-1.884642580891061
12.599999999999971,1.8189266218308,0.607968348155737,-1.5992228403692799,-1.8867818794499265
12.69999999999997,1.8223857266332797,0.609652297200258,-1.601290616007085,-1.8889289862231782
12.79999999999997,1.8258573775468356,0.6113424745132033,-1.6033665005423436,-1.8910839457323656
12.89999999999997,1.829341648082201,0.6130389164438467,-1.6054505435461122,-1.8932468028462681
12.99999999999997,1.8328386123415024,0.6147416596339003,-1.607542795003347,-1.89541760278441
13.09999999999997,1.8363483450243256,0.6164507410205726,-1.6096433053173465,-1.8975963911206015
13.199999999999969,1.8398709214338387,0.6181661978396702,-1.61175212531424,-1.899783213786528
13.299999999999969,1.8434064174829943,0.6198880676287319,-1.6138693062475704,-1.9019781170753873
13.399999999999968,1.846954909700814,0.6216163882302088,-1.6159948998028957,-1.904181147645566
13.499999999999968,1.8505164752387484,0.6233511977946824,-1.6181289581024767,-1.9063923525243573
13.599999999999968,1.8540911918770844,0.6250925347841122,-1.6202715337100078,-1.9086117791117234
13.699999999999967,1.8576791380314954,0.626840437975142,-1.6224226796354217,-1.910839475184109
13.799999999999967,1.8612803927595996,0.6285949464624333,-1.624582449339744,-1.9130754888982948
13.899999999999967,1.8648950357676473,0.6303560996620462,-1.6267508967400297,-1.9153198687953046
13.999999999999966,1.868523147417279,0.6321239373148618,-1.6289280762143348,-1.9175726638043475
14.099999999999966,1.8721648087323406,0.6338984994900423,-1.631114042606773,-1.9198339232468107
14.199999999999966,1.875820101405833,0.6356798265885503,-1.633308851232651,-1.922103696840327
14.299999999999965,1.8794891078069023,0.6374679593466959,-1.635512557883625,-1.9243820347028397
14.399999999999965,1.8831719109879221,0.6392629388397265,-1.6377252188329647,-1.926668987356756
14.499999999999964,1.8868685946917017,0.641064806485484,-1.6399468908408843,-1.9289646057331544
14.599999999999964,1.8905792433587305,0.6428736040480828,-1.6421776311599146,-1.9312689411760062
14.699999999999964,1.8943039421345544,0.6446893736416506,-1.6444174975403791,-1.9335820454464916
14.799999999999963,1.898042776877206,0.6465121577341095,-1.6466665482359044,-1.9359039707273247
14.899999999999963,1.9017958341647727,0.648341999151007,-1.648924842009055,-1.9382347696271789
14.999999999999963,1.9055632013030273,0.6501789410793988,-1.6511924381369887,-1.9405744951851345
15.099999999999962,1.909344966333139,0.6520230270717693,-1.6534693964172085,-1.9429232008751645
15.199999999999962,1.9131412180395377,0.6538743010500193,-1.6557557771734146,-1.945280940610733
15.299999999999962,1.916952045957815,0.6557328073094927,-1.6580516412613846,-1.9476477687493932
15.399999999999961,1.9207775403827654,0.6575985905230564,-1.660357050074972,-1.9500237400974665
15.499999999999961,1.9246177923765044,0.659471695745233,-1.6626720655521656,-1.952408909914779
15.59999999999996,1.9284728937767093,0.6613521684163888,-1.6649967501812402,-1.9548033339194546
15.69999999999996,1.9323429372049385,0.6632400543669763,-1.6673311670069704,-1.9572070682927594
15.79999999999996,1.9362280160750882,0.6651353998218229,-1.6696753796369466,-1.959620169684012
15.89999999999996,1.940128224601926,0.6670382514044871,-1.672029452247977,-1.9620426952155707
15.99999999999996,1.9440436578097384,0.6689486561416539,-1.6743934495925474,-1.964474702487826
16.09999999999996,1.947974411541115,0.6708666614676153,-1.6767674370054044,-1.9669162495843426
16.19999999999996,1.9519205824658044,0.6727923152287677,-1.679151480410198,-1.9693673950769766
16.29999999999996,1.9558822680897048,0.6747256656882106,-1.6815456463262268,-1.9718281980311176
16.399999999999963,1.9598595667639849,0.6766667615303756,-1.6839500018752833,-1.9742987180109737
16.499999999999964,1.963852577694267,0.6786156518657238,-1.6863646147885594,-1.9767790150848996
16.599999999999966,1.9678614009499962,0.6805723862355069,-1.6887895534136852,-1.9792691498308466
16.699999999999967,1.9718861374738703,0.6825370146165914,-1.6912248867218265,-1.9817691833418138
16.79999999999997,1.9759268890914434,0.6845095874263383,-1.693670684314922,-1.984279177231433
16.89999999999997,1.9799837585208018,0.6864901555275527,-1.6961270164329625,-1.9867991936395604
16.99999999999997,1.9840568493823896,0.6884787702334966,-1.6985939539614174,-1.9893292952379866
17.099999999999973,1.9881462662089837,0.6904754833129721,-1.701071568438739,-1.9918695452361947
17.199999999999974,1.9922521144557435,0.6924803469954519,-1.7035599320639807,-1.9944200073871923
17.299999999999976,1.9963745005104425,0.6944934139763098,-1.7060591177045101,-1.9969807459934255
17.399999999999977,2.000513531703797,0.6965147374220897,-1.7085691989038208,-1.9995518259127512
17.49999999999998,2.0046693163199385,0.6985443709758578,-1.71109024988948,-2.002133312564504
17.59999999999998,2.008841963607057,0.700582368762628,-1.7136223455811592,-2.004725271935628
17.69999999999998,2.013031583788104,0.702628785394853,-1.7161655615987736,-2.0073277705868717
17.799999999999983,2.0172382880717166,0.7046836759779841,-1.7187199742707626,-2.0099408756590975
17.899999999999984,2.02146218866324,0.7067470961161212,-1.721285660642454,-2.0125646548796423
17.999999999999986,2.025703398775894,0.7088191019177131,-1.7238626984845529,-2.0151991765687445
18.099999999999987,2.0299620326421306,0.7108997500013652,-1.7264511663017668,-2.017844509646121
18.19999999999999,2.034238205525049,0.7129890975016872,-1.7290511433415185,-2.020500723637522
18.29999999999999,2.0385320337300747,0.7150872020752552,-1.7316627096028125,-2.0231678886814772
18.39999999999999,2.0428436346166947,0.717194121906623,-1.7342859458451918,-2.0258460755360375
18.499999999999993,2.0471731266104087,0.7193099157144384,-1.736920933597853,-2.028535355585665
18.599999999999994,2.051520629214812,0.7214346427576233,-1.7395677551688777,-2.0312358008481817
18.699999999999996,2.0558862630238393,0.7235683628416446,-1.7422264936545626,-2.033947483981808
18.799999999999997,2.0602701497341815,0.7257111363248765,-1.7448972329489436,-2.036670478292299
18.9,2.064672412157858,0.7278630241250267,-1.7475800577533915,-2.039404857740163
19.,2.06909317423496,0.7300240877256752,-1.750275053586386,-2.042150696947989
19.1,2.07353256104655,0.7321943891828838,-1.752982306793398,-2.0449080712078445
19.200000000000003,2.07799069882777,0.7343739911319023,-1.755701904556938,-2.0476770564887756
19.300000000000004,2.0824677149810875,0.7365629567939603,-1.7584339349067302,-2.0504577294444277
19.400000000000006,2.086963738089721,0.7387613499831631,-1.761178486730029,-2.0532501674207193
19.500000000000007,2.091478897931277,0.7409692351134612,-1.763935649782096,-2.056054448463657
19.60000000000001,2.0960133254915445,0.7431866772057409,-1.76670551469683,-2.058870651327233
19.70000000000001,2.100567152978463,0.7454137418949777,-1.7694881729975107,-2.061698855481401
19.80000000000001,2.1051405138363206,0.7476504954375275,-1.7722837171077452,-2.0645391411202034
19.900000000000013,2.1097335427601123,0.7498970047184852,-1.7750922403625522,-2.067391589169979
20.000000000000014,2.1143463757100833,0.7521533372591546,-1.777913837019592,-2.0702562812976537
20.100000000000016,2.118979149926515,0.7544195612246295,-1.7807486022705719,-2.073133299919182
20.200000000000017,2.1236320039446572,0.7566957454314677,-1.7835966322528314,-2.076022728208076
20.30000000000002,2.1283050776098995,0.7589819593554719,-1.786458024061045,-2.078924650104031
20.40000000000002,2.1329985120931423,0.7612782731395863,-1.7893328757591616,-2.0818391503216924
20.50000000000002,2.1377124499063638,0.7635847576018926,-1.7922212863924691,-2.084766314359525
20.600000000000023,2.1424470349184244,0.7659014842437238,-1.7951233559998414,-2.0877062285087855
20.700000000000024,2.1472024123710516,0.7682285252578865,-1.7980391856261766,-2.090658979862628
20.800000000000026,2.1519787288950996,0.770565953537,-1.800968877335029,-2.0936246563253285
20.900000000000027,2.1567765905530405,0.7729131302012201,-1.8039119241719888,-2.096602644672628
21.00000000000003,2.1615961234285552,0.7752702230107378,-1.8068685150212032,-2.0995931303030915
21.10000000000003,2.1664370828237547,0.7776379408984805,-1.8098392993957553,-2.102596829356226
21.20000000000003,2.1712996215659235,0.7800163601141077,-1.8128243840948608,-2.1056138336183188
21.300000000000033,2.1761838939541107,0.7824055576513658,-1.8158238770035204,-2.108644235735181
21.400000000000034,2.1810900557766,0.784805611257043,-1.8188378871061694,-2.1116881292219842
21.500000000000036,2.186018264328646,0.7872165994400554,-1.8218665245005456,-2.1147456084732292
21.600000000000037,2.1909686784304565,0.7896386014806743,-1.8249099004117713,-2.1178167687728737
21.70000000000004,2.1959414584454193,0.7920716974398609,-1.8279681272066237,-2.120901706304551
21.80000000000004,2.2009367662985952,0.794515968168754,-1.8310413184080392,-2.1240005181619677
21.90000000000004,2.205954765495458,0.796971495318277,-1.8341295887098157,-2.1271133023594055
22.000000000000043,2.210995621140922,0.7994383613488949,-1.837233053991563,-2.1302401578423975
22.100000000000044,2.2160594999585954,0.8019166495404962,-1.8403518313338352,-2.1333811844984947
22.200000000000045,2.2211465703103577,0.804406444002429,-1.8434860390335341,-2.136536483168228
22.300000000000047,2.2262570022161854,0.8069078296836689,-1.8466357966195162,-2.1397061556562
22.40000000000005,2.2313909673742516,0.8094208923831449,-1.849801224868452,-2.1428903047423056
22.50000000000005,2.2365486391813363,0.8119457187601968,-1.8529824458209216,-2.1460890341931376
22.60000000000005,2.2417301927535163,0.8144823963452118,-1.8561795827977376,-2.1493024487735033
22.700000000000053,2.2469358049471397,0.817031013550369,-1.8593927604165523,-2.1525306542581446
22.800000000000054,2.2521656543801365,0.8195916596805967,-1.8626221046086853,-2.1557737574435807
22.900000000000055,2.2574199214535757,0.8221644249446347,-1.8658677426362262,-2.159031866160116
23.000000000000057,2.262698788373597,0.8247494004662922,-1.8691298031093935,-2.1623050892840245
23.10000000000006,2.268002439173627,0.8273466782958541,-1.8724084160041634,-2.165593536749891
23.20000000000006,2.2733310597369107,0.8299563514216672,-1.8757037126801706,-2.168897319563115
23.30000000000006,2.278684837819373,0.8325785137818706,-1.8790158258988778,-2.1722165498125903
23.400000000000063,2.284063963072843,0.8352132602763259,-1.8823448898420443,-2.1755513406835636
23.500000000000064,2.2894686270685622,0.8378606867787088,-1.8856910401304565,-2.17890180647065
23.600000000000065,2.2948990233210913,0.8405208901487746,-1.8890544138429826,-2.1822680625910564
23.700000000000067,2.30035534731251,0.8431939682448188,-1.8924351495358862,-2.1856502255979433
23.800000000000068,2.3058377965170402,0.8458800199363156,-1.8958333872624746,-2.1890484131940235
23.90000000000007,2.311346570425946,0.8485791451167248,-1.8992492685930447,-2.192462744245292
24.00000000000007,2.3168818705728924,0.8512914447165317,-1.9026829366351252,-2.1958933387949893
24.100000000000072,2.3224439005595983,0.8540170207164336,-1.9061345360540758,-2.1993403180777387
24.200000000000074,2.3280328660819105,0.8567559761607587,-1.9096042130939719,-2.202803804533874
24.300000000000075,2.333648974956275,0.8595084151710681,-1.913092115598848,-2.2062839218239763
24.400000000000077,2.3392924371465447,0.8622744429599669,-1.9165983930342585,-2.209780794843605
24.500000000000078,2.3449634647912694,0.8650541658451232,-1.9201231965092123,-2.213294549738255
24.60000000000008,2.3506622722313035,0.8678476912634955,-1.9236666787984116,-2.216825313918475
24.70000000000008,2.3563890760378934,0.8706551277857699,-1.9272289943648886,-2.220373216075243
24.800000000000082,2.3621440950411685,0.873476585131047,-1.9308102993829903,-2.223938386195543
24.900000000000084,2.36792755035905,0.8763121741817037,-1.9344107517617302,-2.227520955578158
25.000000000000085,2.3737396654265615,0.8791620069985016,-1.9380305111685039,-2.2311210568496596
25.100000000000087,2.3795806660256895,0.882026196835963,-1.9416697390532358,-2.234738823980678
25.200000000000088,2.385450780315566,0.8849048581579098,-1.9453285986728506,-2.238374392302347
25.30000000000009,2.3913502388631986,0.887798106653297,-1.9490072551162019,-2.242027898523019
25.40000000000009,2.3972792746746365,0.8907060592522784,-1.9527058753293753,-2.245699480745187
25.500000000000092,2.403238123226577,0.8936288341424936,-1.9564246281413986,-2.249389278482659
25.600000000000094,2.4092270224985524,0.8965665507856481,-1.9601636842904167,-2.2530974326779982
25.700000000000095,2.4152462130054797,0.8995193299343007,-1.9639232164502367,-2.2568240857201607
25.800000000000097,2.421295937830831,0.902487293648968,-1.9677033992573654,-2.2605693814624312
25.900000000000098,2.427376442660209,0.9054705653154375,-1.9715044093384462,-2.26433346524059
26.0000000000001,2.4334879758155363,0.9084692696624044,-1.9753264253381908,-2.2681164838913426
26.1000000000001,2.4396307882896977,0.9114835327793346,-1.9791696279477617,-2.27191858577104
26.200000000000102,2.4458051337817577,0.9145134821346443,-1.9830341999335972,-2.275739920774604
26.300000000000104,2.4520112687326967,0.9175592465941486,-1.9869203261667778,-2.2795806403547996
26.400000000000105,2.4582494523617497,0.9206209564397999,-1.99082819365282,-2.2834408975417277
26.500000000000107,2.4645199467032604,0.9236987433887422,-1.9947579915620235,-2.2873208469626385
26.600000000000108,2.4708230166441423,0.9267927406126216,-1.9987099112602873,-2.291220644861999
26.70000000000011,2.4771589299619157,0.9299030827572666,-2.0026841463404956,-2.2951404491218788
26.80000000000011,2.483527957363332,0.933029905962615,-2.0066808926543676,-2.299080419282607
26.900000000000112,2.489930372523647,0.936173347883021,-2.0107003483449195,-2.3030407165637503
27.000000000000114,2.4963664521264453,0.9393335477078287,-2.0147427138794196,-2.307021503885375
27.100000000000115,2.5028364759041732,0.9425106461823323,-2.018808192082954,-2.3110229458896505
27.200000000000117,2.509340726679251,0.9457047856290212,-2.0228969881725343,-2.3150452089627342
27.300000000000118,2.5158794904058626,0.9489161099691981,-2.027009309791796,-2.319088461256993
27.40000000000012,2.522453056212418,0.9521447647449538,-2.031145367046317,-2.323152872713557
27.50000000000012,2.5290617164446885,0.9553908971414619,-2.035305372539508,-2.3272386150851845
27.600000000000122,2.535705766709634,0.9586546560096657,-2.0394895414091727,-2.331345861959498
27.700000000000124,2.542385505919902,0.9619361918893291,-2.0436980913646465,-2.3354747887825096
27.800000000000125,2.5491012363391143,0.9652356570324598,-2.0479312427246326,-2.3396255728825577
27.900000000000126,2.55585326362782,0.9685532054271201,-2.0521892184556747,-2.343798393494554
28.000000000000128,2.562641896890193,0.9718889928216085,-2.056472244211293,-2.347993431784581
28.10000000000013,2.56946744872153,0.975243176749079,-2.0607805483718407,-2.3522108708749108
28.20000000000013,2.576330235256498,0.9786159165525274,-2.0651143620850307,-2.3564508958693424
28.300000000000132,2.5832305762181527,0.9820073734102257,-2.0694739193071925,-2.360713693878933
28.400000000000134,2.590168794967748,0.9854177103615267,-2.0738594568452644,-2.3649994540481183
28.500000000000135,2.597145218555432,0.9888470923331647,-2.078271214399516,-2.3693083675812385
28.600000000000136,2.6041601777716785,0.992295686165945,-2.082709434607051,-2.373640627769412
28.700000000000138,2.611214007199638,0.995763660641899,-2.0871743630860826,-2.3779964300178804
28.80000000000014,2.6183070452683146,0.9992511865118966,-2.091666248480983,-2.382375971873706
28.90000000000014,2.625439634306623,1.0027584365237037,-2.0961853425081864,-2.3867794530539337
29.000000000000142,2.6326121205983593,1.0062855854505393,-2.100731900002853,-2.3912070754741195
29.100000000000144,2.6398248544380727,1.0098328101201006,-2.105306178966449,-2.3956590432773623
29.200000000000145,2.6470781901878584,1.0134002894440761,-2.109908440615154,-2.400135562863727
29.300000000000146,2.6543724863351317,1.016988204448171,-2.1145389494291327,-2.404636842920123
29.400000000000148,2.661708105551318,1.020596738302641,-2.1191979732027515,-2.4091630944506415
29.50000000000015,2.66908541475159,1.0242260763533475,-2.1238857830956595,-2.4137145308073533
29.60000000000015,2.676504785155531,1.0278764061533283,-2.1286026536848737,-2.4182913677215954
29.700000000000152,2.6839665923489116,1.031547917494953,-2.133348863017747,-2.4228938233356843
29.800000000000153,2.6914712163464256,1.0352408024425799,-2.1381246926659783,-2.427522118235184
29.900000000000155,2.699019041655561,1.0389552553658215,-2.142930427780596,-2.4321764754816013
30.000000000000156,2.7066104573414687,1.0426914729733485,-2.1477663571479573,-2.436857120645635
30.100000000000158,2.7142458570930557,1.0464496543473218,-2.152632773246795,-2.4415642818409116
30.20000000000016,2.721925639290109,1.0502300009783943,-2.157529972306376,-2.446298189758256
30.30000000000016,2.7296502070715665,1.05403271680132,-2.1624582543656516,-2.45105907770045
30.400000000000162,2.73741996840505,1.057858008231215,-2.167417923333622,-2.4558471816176013
30.500000000000163,2.7452353361574824,1.0617060842004276,-2.172409287050772,-2.4606627401429746
30.600000000000165,2.753096728167029,1.0655771561960927,-2.1774326573517344,-2.4655059946294764
30.700000000000166,2.7610045673161783,1.06947143829829,-2.182488350129057,-2.4703771891865975
30.800000000000168,2.768959281606164,1.0733891472189503,-2.187576685398253,-2.4752765707180147
30.90000000000017,2.7769613042326653,1.0773305023413962,-2.192697987364088,-2.4802043889597516
31.00000000000017,2.785011073662782,1.0812957257606082,-2.1978525844880883,-2.4851608965189143
31.100000000000172,2.7931090337134257,1.0852850423242257,-2.2030408095574123,-2.490146348913065
31.200000000000173,2.8012556336310226,1.0892986796742543,-2.2082629997550054,-2.4951610046101957
31.300000000000175,2.809451328172658,1.0933368682895415,-2.213519496731132,-2.5002051250693373
31.400000000000176,2.8176965776885763,1.097399841528992,-2.2188106466762787,-2.5052789747817705
31.500000000000178,2.8259918482062565,1.1014878356756144,-2.2241368003955078,-2.5103828213129518
31.60000000000018,2.834337611515868,1.1056010899813113,-2.229498313384225,-2.5155169353450413
31.70000000000018,2.842734345257281,1.109739846712514,-2.234895545905478,-2.520681590720124
31.800000000000182,2.851182533008607,1.113904351196626,-2.240328863068705,-2.5258770644841055
31.900000000000183,2.8596826643763835,1.118094851869359,-2.245798634910129,-2.531103636931324
32.000000000000185,2.86823523508725,1.1223116003228801,-2.251305236474657,-2.5363615916498308
32.100000000000186,2.876840747081374,1.1265548513548802,-2.2568490478994625,-2.5416512155674233
32.20000000000019,2.8854997086075045,1.1308248630185296,-2.262430454499192,-2.5469727989983904
32.30000000000019,2.894212634319745,1.135121896673386,-2.268049846852924,-2.5523266356910073
32.40000000000019,2.902980045376069,1.1394462170371946,-2.2737076208928144,-2.557713022875781
32.50000000000019,2.9118024695386087,1.1437980922386966,-2.2794041779945466,-2.563132261314456
32.60000000000019,2.920680441275832,1.148177793871413,-2.2851399250696534,-2.568584655349851
32.700000000000195,2.929614501866431,1.1525855970484031,-2.2909152746596044,-2.574070512956399
32.800000000000196,2.9386051995052695,1.1570217804580984,-2.2967306450319245,-2.5795901457915877
32.9000000000002,2.947653089411152,1.161486626421142,-2.30258646027817,-2.585143869248175
33.0000000000002,2.9567587339366392,1.1659804209483324,-2.3084831504139767,-2.590732002507241
33.1000000000002,2.96592270267981,1.1705034537996448,-2.314421151481129,-2.5963548685921225
33.2000000000002,2.9751455725981413,1.175056018544378,-2.3204009056517205,-2.602012794423155
33.3000000000002,2.9844279281244828,1.1796384126224377,-2.3264228613344997,-2.607706110873363
33.400000000000205,2.9937703612851467,1.184250937406807,-2.3324874732834013,-2.6134351528250024
33.500000000000206,3.0031734718202174,1.1888938982671988,-2.3385952027083263,-2.6192002592270156
33.60000000000021,3.0126378673060783,1.1935676046349142,-2.3447465173882325,-2.625001773153423
33.70000000000021,3.022164163280274,1.1982723700690057,-2.3509418917866305,-2.6308400418626636
33.80000000000021,3.0317529833686137,1.2030085123236283,-2.357181807169446,-2.6367154168578657
33.90000000000021,3.0414049594148,1.2077763534168025,-2.363466751725427,-2.642628253948117
34.00000000000021,3.05112073161232,1.212576219700401,-2.369797220689049,-2.6485789133107143
34.100000000000215,3.060900948638991,1.217408441931594,-2.3761737164660572,-2.654567759554417
34.200000000000216,3.070746267793907,1.2222733553456229,-2.382596748761669,-2.660595161783715
34.30000000000022,3.080657355137125,1.2271712997300457,-2.3890668347115525,-2.6666614936641837
34.40000000000022,3.090634885631876,1.2321026195004212,-2.3955844990155524,-2.6727671334888266
34.50000000000022,3.100679543289539,1.237067663777467,-2.4021502740743426,-2.678912464245544
34.60000000000022,3.1107920213174123,1.2420667864657904,-2.4087647001290273,-2.6850978736856854
34.70000000000022,3.1209730222692555,1.2471003463341286,-2.4154283254037434,-2.6913237543936925
34.800000000000225,3.1312232581988066,1.2521687070972471,-2.422141706251407,-2.697590503857913
34.900000000000226,3.1415434508160973,1.2572722374993688,-2.4289054073025707,-2.7038985245424922
35.00000000000023,3.151934331647066,1.262411311399433,-2.4357200016176708,-2.7102482239605528
35.10000000000023,3.16239664219589,1.2675863078578788,-2.442586070842458,-2.7166400147484038
35.20000000000023,3.172931134110855,1.272797611225354,-2.4495042053670306,-2.7230743147411194
35.30000000000023,3.1835385693531393,1.2780456112330731,-2.4564750044882344,-2.7295515470491907
35.40000000000023,3.1942197203690736,1.283330703085103,-2.4634990765758085,-2.73607214013655
35.500000000000234,3.204975370265748,1.2886532875524843,-2.4705770392421718,-2.7426365278998075
35.600000000000236,3.215806312989973,1.2940137710692634,-2.477709519515981,-2.7492451497487203
35.70000000000024,3.226713353510903,1.2994125658305264,-2.4848971540197082,-2.7558984506881017
35.80000000000024,3.237697308006204,1.3048500898924302,-2.4921405891511386,-2.762596881400943
35.90000000000024,3.248759004051808,1.3103267672742462,-2.499440481268959,-2.7693408983329135
36.00000000000024,3.2598992808156644,1.3158430280626245,-2.5067974968826965,-2.7761309637782867
36.10000000000024,3.271118989255117,1.321399308517899,-2.5142123128468623,-2.7829675459671854
36.200000000000244,3.282418992318378,1.3269960511826775,-2.5216856165596173,-2.7898511191542896
36.300000000000246,3.2938001651499724,1.3326337049926842,-2.5292181061660197,-2.796782163708969
36.40000000000025,3.3052633953003534,1.338312725389922,-2.5368104907659403,-2.8037611662068853
36.50000000000025,3.3168095829396975,1.3440335744382026,-2.544463490626831,-2.8107886195230622
36.60000000000025,3.328439641076072,1.3497967209411343,-2.552177837401437,-2.817865022926481
36.70000000000025,3.3401544957779628,1.3556026405625827,-2.5599542743505994,-2.8249908821761767
36.80000000000025,3.3519550864014853,1.36145181594974,-2.5677935565713486,-2.8321667096189587
36.900000000000254,3.3638423658220122,1.3673447368587441,-2.5756964512303084,-2.8393930242886287
37.000000000000256,3.375817300670734,1.3732819002830559,-2.5836637378026843,-2.846670352006841
37.10000000000026,3.387880871576004,1.3792638105845503,-2.5916962083168995,-2.8539992254855964
37.20000000000026,3.4000340734097163,1.3852909796274795,-2.599794667605183,-2.861380184431408
37.30000000000026,3.412277915538691,1.3913639269152662,-2.6079599335600117,-2.8688137756510788
37.40000000000026,3.4246134220813866,1.39748317973035,-2.616192837396885,-2.876300553159251
37.50000000000026,3.4370416321699566,1.403649273277036,-2.6244942239234192,-2.8838410782876776
37.600000000000264,3.4495636002176884,1.4098627508274697,-2.632864951814949,-2.8914359197962125
37.700000000000266,3.4621803961922146,1.416124163870864,-2.6413058938969534,-2.8990856539856287
37.80000000000027,3.474893105894417,1.4224340722659867,-2.649817937434365,-2.906790864812238
37.90000000000027,3.4877028312431935,1.4287930443970427,-2.6584019844280253,-2.9145521440043223
38.00000000000027,3.500610690566404,1.4352016573330275,-2.6670589519185346,-2.9223700911804804
38.10000000000027,3.5136178188979525,1.4416604969906683,-2.6757897722976307,-2.93024531396985
38.20000000000027,3.526725368281253,1.4481701583009983,-2.684595393627424,-2.938178428134235
38.300000000000274,3.5399345080792934,1.4547312453797172,-2.6934767799676154,-2.946170057692236
38.400000000000276,3.553246425291313,1.4613443717013914,-2.7024349117110376,-2.9542208350453167
38.50000000000028,3.5666623248765124,1.468010160277676,-2.711470785927712,-2.9623314011059105
38.60000000000028,3.5801834300847695,1.474729243839589,-2.7205854167177623,-2.970502405427614
38.70000000000028,3.593810982794634,1.4815022650239886,-2.7297798355733414,-2.978734506337406
38.80000000000028,3.6075462438587906,1.4883298765643707,-2.7390550917499303,-2.9870283710699845
38.90000000000028,3.6213904934572287,1.495212741486131,-2.7484122526473507,-2.9953846759042992
39.000000000000284,3.635345031458329,1.5021515333063846,-2.757852404200694,-3.0038041063022334
39.100000000000286,3.6494111777879934,1.5091469362384808,-2.7673766512815443,-3.0122873570495012
39.20000000000029,3.663590272807278,1.5161996454014286,-2.7769861181098916,-3.0208351323988674
39.30000000000029,3.6778836776985058,1.523310367034251,-2.7866819486769314,-3.0294481462155716
39.40000000000029,3.6922927748601926,1.5304798187154784,-2.796465307179208,-3.038127122125132
39.50000000000029,3.7068189683113038,1.537708729588027,-2.8063373784645687,-3.0468727936635793
39.60000000000029,3.7214636841047297,1.5449978405894738,-2.8162993684901325,-3.055685904430036
39.700000000000294,3.7362283707505237,1.5523479046879969,-2.826352504792817,-3.0645672082418196
39.800000000000296,3.751114499649176,1.559759687124171,-2.8364980369728414,-3.073517469292065
39.9000000000003,3.7661235655350556,1.5672339656586738,-2.846737237190576,-3.0825374623098543
40.0000000000003,3.781257086930853,1.5747715308264085,-2.8570714006774285,-3.091627972723127
40.1000000000003,3.796516606612557,1.5823731861967665,-2.86750184626085,-3.100789796824053
40.2000000000003,3.8119036920862346,1.5900397486407698,-2.878029916904502,-3.1100237419373484
40.3000000000003,3.8274199360763737,1.5977720486049418,-2.888656980263692,-3.1193306265913043
40.400000000000304,3.8430669570265343,1.6055709303923777,-2.899384429256922,-3.128711280691731
40.500000000000306,3.85884639961245,1.6134372524510365,-2.9102136826539224,-3.1381665456988057
40.60000000000031,3.8747599352685227,1.6213718876698568,-2.921146185681127,-3.147697274807071
40.70000000000031,3.8908092627275397,1.629375723682566,-2.9321834106447806,-3.1573043331283746
40.80000000000031,3.90699610857493,1.6374496631799442,-2.9433268575730085,-3.166988597878301
40.90000000000031,3.9233222278172235,1.6455946242303654,-2.954578054876842,-3.1767509585656057
41.00000000000031,3.9397894044661195,1.65381154060936,-2.9659385600316517,-3.1865923171853465
41.100000000000314,3.956399452138267,1.6621013621383685,-2.977409960279407,-3.1965135884154496
41.200000000000315,3.9731542146716126,1.6704650550330273,-2.988993873352725,-3.2065156998169617
41.30000000000032,3.990055566759027,1.6789036022615078,-3.0006919482217325,-3.2165995920382056
41.40000000000032,4.007105414599937,1.6874180039132411,-3.0125058658645303,-3.226766219022854
41.50000000000032,4.024305696570814,1.6960092775785347,-3.0244373400624607,-3.237016548222239
41.60000000000032,4.041658383915371,1.7046784587395405,-3.0364881182211962,-3.24735156081201
41.70000000000032,4.05916548145541,1.7134266011730976,-3.0486599822188016,-3.2577722519133587
41.800000000000324,4.076829028323314,1.7222547773659986,-3.0609547492820024,-3.2682796308190385
41.900000000000325,4.094651098717317,1.7311640789432972,-3.073374272892069,-3.2788747212245206
42.00000000000033,4.112633802680695,1.740155617110278,-3.0859204437216383,-3.2895585614644673
42.10000000000033,4.130779286906188,1.7492305231087963,-3.0985951906039735,-3.3003322047549113
42.20000000000033,4.1490897355668075,1.7583899486886054,-3.1114004815362546,-3.311196719441396
42.30000000000033,4.167567371174882,1.7676350665947218,-3.124338324718772,-3.3221531892536666
42.40000000000033,4.186214455470604,1.7769670710713756,-3.1374107696315945,-3.333202713567066
42.500000000000334,4.205033290341955,1.7863871783837129,-3.1506199081509316,-3.344346407671388
42.600000000000335,4.224026218778008,1.795896627358184,-3.1639678757072485,-3.3555854030475825
42.70000000000034,4.243195625857184,1.8054966799424934,-3.177456852487147,-3.3669208476527617
42.80000000000034,4.262543939773435,1.8151886217866957,-3.191089064681982,-3.3783539062145738
42.90000000000034,4.2820736329020175,1.8249737628462992,-3.2048667857853577,-3.389885760535206
43.00000000000034,4.301787222908093,1.8348534380090415,-3.218792337942676,-3.401517609806182
43.10000000000034,4.321687273900651,1.8448290077466998,-3.2328680933556586,-3.413250670934678
43.200000000000344,4.341776397634892,1.8549018587934734,-3.247096475745098,-3.4250861788822884
43.300000000000345,4.36205725476698,1.8650734048531068,-3.261479961875819,-3.43702538701771
43.40000000000035,4.382532556164256,1.875345087336181,-3.2760210831472625,-3.4490695674840994
43.50000000000035,4.403205064275615,1.8857183761301342,-3.290722427254332,-3.461220011582949
43.60000000000035,4.424077594566123,1.8961947704040332,-3.305586639922869,-3.473478030175626
43.70000000000035,4.445153017020974,1.9067757994507577,-3.320616426724808,-3.4858449541045324
43.80000000000035,4.466434257724543,1.9174630235694705,-3.3358145549787674,-3.498322134635827
43.900000000000354,4.487924300519789,1.9282580349911742,-3.3511838557414353,-3.510910943925493
44.000000000000355,4.509626188755219,1.9391624588508976,-3.366727225896859,-3.5236127755115416
44.10000000000036,4.531543027126466,1.9501779542102042,-3.382447630350427,-3.5364290448347178
44.20000000000036,4.553677983619991,1.9613062151337897,-3.3983481043351946,-3.5493611897905804
44.30000000000036,4.576034291568426,1.972548971825012,-3.4144317558395114,-3.5624106713165227
44.40000000000036,4.598615251826337,1.9839079918247904,-3.4307017681645857,-3.5755789740168598
44.50000000000036,4.621424235077948,1.9953850812797396,-3.447161402623033,-3.588867606830667
44.600000000000364,4.644464684287407,2.006982086284866,-3.4638140013886285,-3.6022781037459777
44.700000000000365,4.667740117305925,2.0187008943081084,-3.480662990510722,-3.615812024566365
44.80000000000037,4.691254129648784,2.0305434357032217,-3.4977118831058784,-3.629470955734512
44.90000000000037,4.7150103974589515,2.0425116853195124,-3.514964282742324,-3.6432565112195947
45.00000000000037,4.739012680674102,2.054607664216919,-3.532423887033332,-3.6571703334749803
45.10000000000037,4.763264826417096,2.06683344149647,-3.550094491457963,-3.6712140944742053
45.20000000000037,4.787770772630688,2.0791911362567044,-3.567979993429029,-3.6853894968334546
45.300000000000374,4.812534551980387,2.0916829196880316,-3.5860843966304388,-3.699698275030233
45.400000000000375,4.8375602960519695,2.1043110173184982,-3.604411815648589,-3.7141421967287207
45.50000000000038,4.862852239872605,2.1170777114254986,-3.6229664809249797,-3.7287230642236335
45.60000000000038,4.888414726787828,2.129985343629785,-3.6417527440598176,-3.743442716015589
45.70000000000038,4.914252213730549,2.143036317689969,-3.660775083500423,-3.758303028532666
45.80000000000038,4.940369276921616,2.156233102517613,-3.680038110651061,-3.773305918014312
45.90000000000038,4.966770618046518,2.169578235435369,-3.6995465764456243,-3.788453342575731
46.000000000000384,4.993461070957437,2.183074325703127,-3.719305378428839,-3.803747304473021
46.100000000000385,5.020445608955268,2.1967240583398864,-3.739319568396825,-3.8191898525913097
46.20000000000039,5.047729352712959,2.2105301982723726,-3.7595943606539297,-3.83478308518118
46.30000000000039,5.0753175789079705,2.2244955948449543,-3.78013514094898,-3.850529152871196
46.40000000000039,5.10321572963941,2.2386231867292,-3.8009474761613284,-3.8664302619875586
46.50000000000039,5.131429422715476,2.252916007276655,-3.8220371248164478,-3.8824886782162387
46.60000000000039,5.159964462903957,2.2673771903621818,-3.8434100485179563,-3.8987067306454937
46.700000000000394,5.1888268542534135,2.2820099767726623,-3.8650724243963968,-3.9150868162332357
46.800000000000395,5.2180228136014035,2.296817721200697,-3.8870306586842642,-3.931631404746893
46.9000000000004,5.2475587854035695,2.3118038999115815,-3.9092914015426374,-3.948343044230675
47.0000000000004,5.277441458030859,2.326972119159202,-3.931861563278449,-3.965224367060691
47.1000000000004,5.307677781701986,2.3423261244365325,-3.954748332109859,-3.98227809665606
47.2000000000004,5.338274988238743,2.3578698106571365,-3.9779591936573815,-3.999507054922939
47.3000000000004,5.36924061285426,2.3736072333759655,-4.001501952360153,-4.0169141705167535
47.400000000000404,5.400582518212096,2.3895426211719024,-4.025384755043779,-4.0345024880195295
47.500000000000405,5.432308921025593,2.4056803893313705,-4.049616116896451,-4.052275178141648
47.600000000000406,5.464428421499109,2.422025154988885,-4.074204950142762,-4.070235549069789
47.70000000000041,5.4969500359574335,2.438581753903925,-4.099160595746632,-4.088387059100944
47.80000000000041,5.529883233053828,2.455355259076744,-4.124492858519903,-4.10673333071947
47.90000000000041,5.563237974001229,2.4723510014339984,-4.150212046065374,-4.125278166295287
48.00000000000041,5.5970247573362135,2.489574592849312,-4.176329012047673,-4.144025565607011
48.10000000000041,5.631254668796548,2.507031951801495,-4.202855204355881,-4.162979745421254
48.200000000000415,5.665939436980962,2.5247293320191306,-4.2298027188086635,-4.182145161393685
48.300000000000416,5.701091495559698,2.5426733545131803,-4.257184359152,-4.201526532595904
48.40000000000042,5.7367240529239005,2.560871043461973,-4.285013704218533,-4.221128869018443
48.50000000000042,5.772851170305268,2.5793298664887856,-4.313305183259568,-4.240957502455531
48.60000000000042,5.809487849562117,2.598057779959189,-4.342074160626154,-4.261018121240281
48.70000000000042,5.846650132036159,2.6170632800349787,-4.371337031181154,-4.281316809379334
48.80000000000042,5.884355210120482,2.6363554603466497,-4.40111132806197,-4.301860090725923
48.900000000000425,5.922621553479995,2.6559440773049157,-4.431415844711587,-4.322654978945801
49.000000000000426,5.961469052219907,2.6758396242593636,-4.462270773450697,-4.343709034165904
49.10000000000043,6.0009191797377905,2.696053415944546,-4.493697863301588,-4.365030427363032
49.20000000000043,6.04099517853773,2.7165976849411213,-4.5257206003163075,-4.3866280137577505
49.30000000000043,6.081722272953307,2.7374856922326627,-4.55836441432859,-4.408511416732871
49.40000000000043,6.123127913566299,2.758731854383106,-4.5916569168860555,-4.430691124116187
49.50000000000043,6.165242059165779,2.7803518904186775,-4.625628176173115,-4.453178599070162
49.600000000000435,6.208097503428369,2.8023629922046887,-4.66031103606636,-4.475986408340071
49.700000000000436,6.251730255218932,2.8247840230154715,-4.695741488173662,-4.499128371266548
49.80000000000044,6.2961799836249,2.8476357501657077,-4.731959107910017,-4.522619733812061
49.90000000000044,6.341661384450177,2.871021276204785,-4.769137467349954,-4.54656059593525
50.00000000000044,6.3885920856582485,2.895140254030498,-4.807609060139472,-4.571148542573952
50.10000000000044,6.436559958456454,2.9198031331605967,-4.847076134329041,-4.596176518237084
50.20000000000044,6.485630684117541,2.945044369353654,-4.887603981514682,-4.62166999293424
50.300000000000445,6.535877483964158,2.9709024151487986,-4.929265487591372,-4.64765730641918
50.400000000000446,6.5873823285019775,2.997420369955807,-4.972142375751278,-4.674170115530734
50.50000000000045,6.640237412132191,3.0246467738421745,-5.016326724572476,-4.701243937912976
50.60000000000045,6.694546973213184,3.0526365880212714,-5.061922842998332,-4.728918821149207
50.70000000000045,6.75042957116234,3.0814524220878776,-5.109049616106085,-4.757240178175034
50.80000000000045,6.808020980609883,3.111166093752332,-5.157843483827608,-4.786259847875399
50.90000000000045,6.867477937743543,3.1418606466439125,-5.2084622893326,-4.816037468025484
51.000000000000455,6.928983094292152,3.173633015294176,-5.261090352408843,-4.846642293311854
51.100000000000456,6.992751733588082,3.2065976311577047,-5.315945318244653,-4.87815566706808
51.20000000000046,7.0590411443520305,3.2408914425973143,-5.373287664798807,-4.910674486300099
51.30000000000046,7.128164157062784,3.2766811406779985,-5.433434343615423,-4.944316234605556
51.40000000000046,7.200509487151867,3.3141739778483927,-5.496779131883602,-4.979226599031656
51.50000000000046,7.276573779160477,3.353634740204207,-5.563824446417923,-5.015591561433283
51.60000000000046,7.357014989774648,3.3954139059802544,-5.635233944785425,-5.0536577029001375
51.700000000000465,7.4427476012982625,3.4399976750951056,-5.711925696461222,-5.093768693984207
51.800000000000466,7.535127765151136,3.4881049264980506,-5.795252295859818,-5.136436722614295
51.90000000000047,7.636357591305601,3.540898376080321,-5.887392386414468,-5.1824992989358005
52.00000000000047,7.750531907186692,3.600530230676691,-5.99236110768687,-5.233526824326013
52.10000000000047,7.876955448080914,3.6668922306570293,-6.1102325018188575,-5.288938322745393
52.20000000000047,8.03948677980449,3.7523507869544437,-6.263811931784099,-5.358109396139766