0,0.6222323761,-0.5690907297,0.0947786103,-1.313319153,-1.313319153,11.8937172263,0.2845453649
0.1,0.6228860086,-0.5690291046,0.0947534495,-1.3117997846,-1.3117997846,11.9035849126,0.2845145523
0.2,0.623541241,-0.5689674383,0.0947282805,-1.310277004,-1.310277004,11.9134749624,0.2844837192
0.3,0.6241980793,-0.5689057309,0.0947031035,-1.3087507993,-1.3087507993,11.9233874613,0.2844528655
0.4,0.6248565298,-0.5688439824,0.0946779183,-1.3072211587,-1.3072211587,11.9333224952,0.2844219912
0.5,0.6255165987,-0.5687821926,0.094652725,-1.3056880702,-1.3056880702,11.9432801506,0.2843910963
0.6,0.6261782922,-0.5687203618,0.0946275237,-1.3041515218,-1.3041515218,11.9532605144,0.2843601809
0.7,0.6268416166,-0.5686584897,0.0946023144,-1.3026115016,-1.3026115016,11.9632636739,0.2843292449
0.8,0.6275065782,-0.5685965765,0.094577097,-1.3010679973,-1.3010679973,11.9732897169,0.2842982883
0.9,0.6281731834,-0.5685346221,0.0945518716,-1.2995209969,-1.2995209969,11.9833387317,0.2842673111
1,0.6288414384,-0.5684726265,0.0945266382,-1.2979704882,-1.2979704882,11.993410807,0.2842363133
1.1,0.6295113497,-0.5684105897,0.0945013969,-1.2964164588,-1.2964164588,12.003506032,0.2842052949
1.2,0.6301829238,-0.5683485117,0.0944761476,-1.2948588963,-1.2948588963,12.0136244962,0.2841742559
1.3,0.6308561671,-0.5682863925,0.0944508905,-1.2932977885,-1.2932977885,12.0237662898,0.2841431963
1.4,0.6315310862,-0.5682242321,0.0944256254,-1.2917331228,-1.2917331228,12.0339315034,0.2841121161
1.5,0.6322076875,-0.5681620305,0.0944003524,-1.2901648867,-1.2901648867,12.0441202279,0.2840810153
1.6,0.6328859776,-0.5680997877,0.0943750716,-1.2885930675,-1.2885930675,12.054332555,0.2840498938
1.7,0.6335659632,-0.5680375036,0.0943497829,-1.2870176527,-1.2870176527,12.0645685767,0.2840187518
1.8,0.6342476508,-0.5679751783,0.0943244864,-1.2854386295,-1.2854386295,12.0748283853,0.2839875891
1.9,0.6349310472,-0.5679128117,0.0942991821,-1.2838559852,-1.2838559852,12.0851120739,0.2839564059
2,0.6356161591,-0.567850404,0.0942738701,-1.2822697067,-1.2822697067,12.0954197359,0.283925202
2.1,0.6363029932,-0.567787955,0.0942485503,-1.2806797813,-1.2806797813,12.1057514654,0.2838939775
2.2,0.6369915564,-0.5677254647,0.0942232228,-1.279086196,-1.279086196,12.1161073567,0.2838627323
2.3,0.6376818554,-0.5676629332,0.0941978875,-1.2774889376,-1.2774889376,12.1264875048,0.2838314666
2.4,0.638373897,-0.5676003604,0.0941725446,-1.2758879931,-1.2758879931,12.1368920052,0.2838001802
2.5,0.6390676883,-0.5675377464,0.094147194,-1.2742833493,-1.2742833493,12.1473209537,0.2837688732
2.6,0.6397632361,-0.5674750912,0.0941218358,-1.2726749929,-1.2726749929,12.157774447,0.2837375456
2.7,0.6404605473,-0.5674123947,0.09409647,-1.2710629106,-1.2710629106,12.1682525819,0.2837061973
2.8,0.6411596291,-0.5673496569,0.0940710966,-1.2694470889,-1.2694470889,12.178755456,0.2836748285
2.9,0.6418604884,-0.5672868779,0.0940457156,-1.2678275145,-1.2678275145,12.1892831672,0.2836434389
3,0.6425631323,-0.5672240576,0.0940203271,-1.2662041737,-1.2662041737,12.1998358142,0.2836120288
3.1,0.6432675679,-0.5671611961,0.093994931,-1.264577053,-1.264577053,12.2104134961,0.283580598
3.2,0.6439738025,-0.5670982933,0.0939695275,-1.2629461386,-1.2629461386,12.2210163123,0.2835491467
3.3,0.6446818431,-0.5670353493,0.0939441165,-1.2613114169,-1.2613114169,12.231644363,0.2835176746
3.4,0.6453916971,-0.566972364,0.093918698,-1.2596728739,-1.2596728739,12.242297749,0.283486182
3.5,0.6461033716,-0.5669093374,0.0938932722,-1.2580304958,-1.2580304958,12.2529765715,0.2834546687
3.6,0.6468168741,-0.5668462696,0.0938678389,-1.2563842686,-1.2563842686,12.2636809321,0.2834231348
3.7,0.6475322118,-0.5667831606,0.0938423983,-1.2547341783,-1.2547341783,12.2744109333,0.2833915803
3.8,0.6482493922,-0.5667200103,0.0938169503,-1.2530802107,-1.2530802107,12.2851666778,0.2833600052
3.9,0.6489684227,-0.5666568188,0.093791495,-1.2514223516,-1.2514223516,12.2959482692,0.2833284094
4,0.6496893108,-0.566593586,0.0937660324,-1.2497605867,-1.2497605867,12.3067558114,0.283296793
4.1,0.6504120639,-0.566530312,0.0937405626,-1.2480949016,-1.2480949016,12.3175894089,0.283265156
4.2,0.6511366897,-0.5664669968,0.0937150855,-1.246425282,-1.246425282,12.3284491669,0.2832334984
4.3,0.6518631957,-0.5664036403,0.0936896012,-1.2447517133,-1.2447517133,12.3393351911,0.2832018202
4.4,0.6525915896,-0.5663402427,0.0936641097,-1.2430741809,-1.2430741809,12.3502475877,0.2831701213
4.5,0.6533218791,-0.5662768038,0.0936386111,-1.2413926702,-1.2413926702,12.3611864637,0.2831384019
4.6,0.6540540718,-0.5662133237,0.0936131053,-1.2397071663,-1.2397071663,12.3721519263,0.2831066618
4.7,0.6547881756,-0.5661498023,0.0935875924,-1.2380176545,-1.2380176545,12.3831440838,0.2830749012
4.8,0.6555241982,-0.5660862398,0.0935620725,-1.2363241197,-1.2363241197,12.3941630446,0.2830431199
4.9,0.6562621476,-0.5660226361,0.0935365455,-1.2346265471,-1.2346265471,12.405208918,0.2830113181
5,0.6570020315,-0.5659589913,0.0935110115,-1.2329249216,-1.2329249216,12.4162818138,0.2829794956
5.1,0.657743858,-0.5658953052,0.0934854706,-1.2312192279,-1.2312192279,12.4273818425,0.2829476526
5.2,0.658487635,-0.565831578,0.0934599226,-1.2295094508,-1.2295094508,12.438509115,0.282915789
5.3,0.6592333705,-0.5657678096,0.0934343678,-1.227795575,-1.227795575,12.4496637431,0.2828839048
5.4,0.6599810727,-0.5657040001,0.093408806,-1.226077585,-1.226077585,12.460845839,0.282852
5.5,0.6607307496,-0.5656401494,0.0933832374,-1.2243554654,-1.2243554654,12.4720555156,0.2828200747
5.6,0.6614824094,-0.5655762576,0.0933576619,-1.2226292005,-1.2226292005,12.4832928865,0.2827881288
5.7,0.6622360603,-0.5655123247,0.0933320797,-1.2208987746,-1.2208987746,12.4945580657,0.2827561624
5.8,0.6629917106,-0.5654483507,0.0933064906,-1.219164172,-1.219164172,12.5058511681,0.2827241753
5.9,0.6637493685,-0.5653843356,0.0932808949,-1.2174253769,-1.2174253769,12.517172309,0.2826921678
6,0.6645090424,-0.5653202794,0.0932552924,-1.2156823732,-1.2156823732,12.5285216047,0.2826601397
6.1,0.6652707408,-0.5652561821,0.0932296832,-1.2139351448,-1.2139351448,12.5398991718,0.2826280911
6.2,0.6660344719,-0.5651920438,0.0932040674,-1.2121836758,-1.2121836758,12.5513051277,0.2825960219
6.3,0.6668002444,-0.5651278645,0.0931784449,-1.2104279498,-1.2104279498,12.5627395904,0.2825639322
6.4,0.6675680668,-0.5650636441,0.0931528159,-1.2086679505,-1.2086679505,12.5742026786,0.282531822
6.5,0.6683379476,-0.5649993827,0.0931271804,-1.2069036615,-1.2069036615,12.5856945119,0.2824996913
6.6,0.6691098954,-0.5649350803,0.0931015383,-1.2051350662,-1.2051350662,12.5972152101,0.2824675401
6.7,0.6698839191,-0.5648707369,0.0930758898,-1.2033621482,-1.2033621482,12.608764894,0.2824353685
6.8,0.6706600272,-0.5648063526,0.0930502348,-1.2015848906,-1.2015848906,12.6203436851,0.2824031763
6.9,0.6714382286,-0.5647419273,0.0930245733,-1.1998032767,-1.1998032767,12.6319517054,0.2823709636
7,0.6722185321,-0.5646774611,0.0929989056,-1.1980172896,-1.1980172896,12.6435890778,0.2823387305
7.1,0.6730009465,-0.5646129539,0.0929732314,-1.1962269122,-1.1962269122,12.6552559258,0.282306477
7.2,0.6737854809,-0.5645484059,0.092947551,-1.1944321275,-1.1944321275,12.6669523735,0.282274203
7.3,0.6745721442,-0.564483817,0.0929218643,-1.1926329183,-1.1926329183,12.678678546,0.2822419085
7.4,0.6753609454,-0.5644191873,0.0928961713,-1.1908292672,-1.1908292672,12.6904345687,0.2822095936
7.5,0.6761518936,-0.5643545167,0.0928704722,-1.1890211569,-1.1890211569,12.7022205682,0.2821772584
7.6,0.6769449979,-0.5642898053,0.0928447669,-1.1872085699,-1.1872085699,12.7140366714,0.2821449027
7.7,0.6777402677,-0.5642250532,0.0928190555,-1.1853914886,-1.1853914886,12.7258830061,0.2821125266
7.8,0.6785377119,-0.5641602602,0.092793338,-1.1835698952,-1.1835698952,12.737759701,0.2820801301
7.9,0.6793373401,-0.5640954265,0.0927676145,-1.1817437719,-1.1817437719,12.7496668853,0.2820477133
8,0.6801391615,-0.5640305521,0.0927418849,-1.1799131009,-1.1799131009,12.7616046891,0.2820152761
8.1,0.6809431855,-0.563965637,0.0927161494,-1.178077864,-1.178077864,12.7735732431,0.2819828185
8.2,0.6817494217,-0.5639006813,0.0926904079,-1.1762380432,-1.1762380432,12.7855726789,0.2819503406
8.3,0.6825578794,-0.5638356849,0.0926646606,-1.1743936201,-1.1743936201,12.7976031288,0.2819178424
8.4,0.6833685683,-0.5637706479,0.0926389074,-1.1725445765,-1.1725445765,12.8096647259,0.2818853239
8.5,0.6841814981,-0.5637055703,0.0926131484,-1.1706908938,-1.1706908938,12.821757604,0.2818527851
8.6,0.6849966783,-0.5636404521,0.0925873836,-1.1688325535,-1.1688325535,12.8338818978,0.281820226
8.7,0.6858141187,-0.5635752934,0.0925616131,-1.1669695368,-1.1669695368,12.8460377428,0.2817876467
8.8,0.6866338291,-0.5635100942,0.0925358369,-1.1651018251,-1.1651018251,12.858225275,0.2817550471
8.9,0.6874558195,-0.5634448545,0.0925100551,-1.1632293993,-1.1632293993,12.8704446317,0.2817224273
9,0.6882800995,-0.5633795744,0.0924842677,-1.1613522404,-1.1613522404,12.8826959505,0.2816897872
9.1,0.6891066794,-0.5633142539,0.0924584747,-1.1594703292,-1.1594703292,12.8949793702,0.2816571269
9.2,0.689935569,-0.563248893,0.0924326762,-1.1575836466,-1.1575836466,12.9072950302,0.2816244465
9.3,0.6907667784,-0.5631834918,0.0924068723,-1.155692173,-1.155692173,12.9196430707,0.2815917459
9.4,0.6916003179,-0.5631180502,0.0923810629,-1.153795889,-1.153795889,12.9320236329,0.2815590251
9.5,0.6924361976,-0.5630525684,0.0923552481,-1.151894775,-1.151894775,12.9444368588,0.2815262842
9.6,0.6932744277,-0.5629870463,0.092329428,-1.1499888111,-1.1499888111,12.9568828911,0.2814935232
9.7,0.6941150187,-0.5629214841,0.0923036026,-1.1480779775,-1.1480779775,12.9693618734,0.281460742
9.8,0.6949579808,-0.5628558817,0.092277772,-1.1461622543,-1.1461622543,12.9818739503,0.2814279408
9.9,0.6958033246,-0.5627902391,0.0922519361,-1.1442416213,-1.1442416213,12.9944192672,0.2813951196
10,0.6966510605,-0.5627245565,0.0922260952,-1.1423160582,-1.1423160582,13.0069979702,0.2813622782
10.1,0.6975011992,-0.5626588338,0.0922002491,-1.1403855446,-1.1403855446,13.0196102065,0.2813294169
10.2,0.6983537512,-0.5625930711,0.092174398,-1.1384500601,-1.1384500601,13.032256124,0.2812965356
10.3,0.6992087273,-0.5625272685,0.0921485418,-1.136509584,-1.136509584,13.0449358716,0.2812636343
10.4,0.7000661382,-0.5624614259,0.0921226807,-1.1345640956,-1.1345640956,13.0576495992,0.281230713
10.5,0.7009259947,-0.5623955435,0.0920968147,-1.1326135739,-1.1326135739,13.0703974573,0.2811977718
10.6,0.7017883079,-0.5623296212,0.0920709439,-1.1306579979,-1.1306579979,13.0831795976,0.2811648106
10.7,0.7026530885,-0.5622636592,0.0920450683,-1.1286973465,-1.1286973465,13.0959961726,0.2811318296
10.8,0.7035203477,-0.5621976574,0.0920191878,-1.1267315984,-1.1267315984,13.1088473357,0.2810988287
10.9,0.7043900965,-0.5621316159,0.0919933027,-1.1247607321,-1.1247607321,13.1217332412,0.2810658079
11,0.7052623461,-0.5620655348,0.091967413,-1.122784726,-1.122784726,13.1346540445,0.2810327674
11.1,0.7061371078,-0.561999414,0.0919415187,-1.1208035585,-1.1208035585,13.1476099019,0.280999707
11.2,0.7070143927,-0.5619332538,0.0919156198,-1.1188172076,-1.1188172076,13.1606009705,0.2809666269
11.3,0.7078942124,-0.561867054,0.0918897164,-1.1168256515,-1.1168256515,13.1736274084,0.280933527
11.4,0.7087765782,-0.5618008148,0.0918638086,-1.1148288679,-1.1148288679,13.1866893749,0.2809004074
11.5,0.7096615016,-0.5617345362,0.0918378964,-1.1128268347,-1.1128268347,13.19978703,0.2808672681
11.6,0.7105489942,-0.5616682183,0.0918119799,-1.1108195293,-1.1108195293,13.2129205348,0.2808341091
11.7,0.7114390677,-0.5616018611,0.0917860591,-1.1088069292,-1.1088069292,13.2260900514,0.2808009305
11.8,0.7123317337,-0.5615354646,0.0917601342,-1.1067890117,-1.1067890117,13.239295743,0.2807677323
11.9,0.7132270041,-0.5614690291,0.0917342051,-1.1047657539,-1.1047657539,13.2525377735,0.2807345145
12,0.7141248907,-0.5614025544,0.0917082718,-1.1027371329,-1.1027371329,13.2658163081,0.2807012772
12.1,0.7150254055,-0.5613360406,0.0916823346,-1.1007031254,-1.1007031254,13.279131513,0.2806680203
12.2,0.7159285604,-0.5612694879,0.0916563934,-1.0986637082,-1.0986637082,13.2924835552,0.280634744
12.3,0.7168343676,-0.5612028963,0.0916304482,-1.0966188577,-1.0966188577,13.3058726031,0.2806014482
12.4,0.7177428391,-0.5611362658,0.0916044993,-1.0945685504,-1.0945685504,13.3192988259,0.2805681329
12.5,0.7186539873,-0.5610695965,0.0915785465,-1.0925127624,-1.0925127624,13.3327623938,0.2805347983
12.6,0.7195678245,-0.5610028885,0.09155259,-1.0904514699,-1.0904514699,13.3462634783,0.2805014443
12.7,0.7204843629,-0.5609361419,0.0915266298,-1.0883846488,-1.0883846488,13.3598022519,0.2804680709
12.8,0.7214036152,-0.5608693566,0.0915006661,-1.0863122747,-1.0863122747,13.373378888,0.2804346783
12.9,0.7223255938,-0.5608025329,0.0914746988,-1.0842343233,-1.0842343233,13.3869935613,0.2804012664
13,0.7232503113,-0.5607356706,0.091448728,-1.0821507699,-1.0821507699,13.4006464475,0.2803678353
13.1,0.7241777804,-0.56066877,0.0914227538,-1.0800615899,-1.0800615899,13.4143377235,0.280334385
13.2,0.725108014,-0.5606018311,0.0913967763,-1.0779667583,-1.0779667583,13.4280675673,0.2803009156
13.3,0.7260410249,-0.560534854,0.0913707955,-1.0758662501,-1.0758662501,13.4418361578,0.280267427
13.4,0.7269768259,-0.5604678387,0.0913448115,-1.07376004,-1.07376004,13.4556436755,0.2802339194
13.5,0.7279154302,-0.5604007854,0.0913188244,-1.0716481025,-1.0716481025,13.4694903015,0.2802003927
13.6,0.7288568509,-0.560333694,0.0912928342,-1.0695304121,-1.0695304121,13.4833762185,0.280166847
13.7,0.729801101,-0.5602665647,0.091266841,-1.067406943,-1.067406943,13.4973016101,0.2801332824
13.8,0.730748194,-0.5601993976,0.0912408448,-1.0652776693,-1.0652776693,13.5112666613,0.2800996988
13.9,0.7316981431,-0.5601321928,0.0912148458,-1.0631425648,-1.0631425648,13.5252715581,0.2800660964
14,0.7326509617,-0.5600649503,0.0911888441,-1.0610016033,-1.0610016033,13.5393164876,0.2800324751
14.1,0.7336066635,-0.5599976702,0.0911628396,-1.0588547583,-1.0588547583,13.5534016385,0.2799988351
14.2,0.7345652619,-0.5599303526,0.0911368325,-1.056702003,-1.056702003,13.5675272003,0.2799651763
14.3,0.7355267708,-0.5598629976,0.0911108228,-1.0545433108,-1.0545433108,13.5816933639,0.2799314988
14.4,0.7364912038,-0.5597956053,0.0910848107,-1.0523786545,-1.0523786545,13.5959003215,0.2798978026
14.5,0.7374585749,-0.5597281757,0.0910587961,-1.0502080069,-1.0502080069,13.6101482664,0.2798640879
14.6,0.738428898,-0.5596607091,0.0910327792,-1.0480313407,-1.0480313407,13.6244373933,0.2798303545
14.7,0.7394021872,-0.5595932054,0.0910067601,-1.0458486282,-1.0458486282,13.6387678981,0.2797966027
14.8,0.7403784566,-0.5595256647,0.0909807388,-1.0436598417,-1.0436598417,13.6531399779,0.2797628324
14.9,0.7413577204,-0.5594580873,0.0909547153,-1.0414649531,-1.0414649531,13.6675538312,0.2797290436
15,0.742339993,-0.5593904731,0.0909286899,-1.0392639344,-1.0392639344,13.6820096577,0.2796952365
15.1,0.7433252887,-0.5593228222,0.0909026626,-1.0370567571,-1.0370567571,13.6965076586,0.2796614111
15.2,0.7443136222,-0.5592551349,0.0908766334,-1.0348433926,-1.0348433926,13.7110480361,0.2796275674
15.3,0.7453050079,-0.5591874111,0.0908506024,-1.0326238123,-1.0326238123,13.7256309941,0.2795937055
15.4,0.7462994606,-0.559119651,0.0908245697,-1.0303979871,-1.0303979871,13.7402567375,0.2795598255
15.5,0.7472969951,-0.5590518547,0.0907985355,-1.0281658878,-1.0281658878,13.7549254728,0.2795259273
15.6,0.7482976263,-0.5589840222,0.0907724997,-1.0259274852,-1.0259274852,13.7696374078,0.2794920111
15.7,0.7493013691,-0.5589161538,0.0907464626,-1.0236827495,-1.0236827495,13.7843927515,0.2794580769
15.8,0.7503082386,-0.5588482495,0.090720424,-1.021431651,-1.021431651,13.7991917147,0.2794241248
15.9,0.7513182501,-0.5587803095,0.0906943843,-1.0191741596,-1.0191741596,13.8140345091,0.2793901547
16,0.7523314188,-0.5587123338,0.0906683434,-1.0169102452,-1.0169102452,13.8289213482,0.2793561669
16.1,0.7533477601,-0.5586443226,0.0906423014,-1.0146398774,-1.0146398774,13.8438524467,0.2793221613
16.2,0.7543672895,-0.558576276,0.0906162585,-1.0123630254,-1.0123630254,13.8588280209,0.279288138
16.3,0.7553900226,-0.5585081941,0.0905902147,-1.0100796583,-1.0100796583,13.8738482884,0.2792540971
16.4,0.756415975,-0.5584400771,0.0905641701,-1.0077897452,-1.0077897452,13.8889134683,0.2792200385
16.5,0.7574451626,-0.558371925,0.0905381248,-1.0054932546,-1.0054932546,13.9040237813,0.2791859625
16.6,0.7584776012,-0.5583037381,0.0905120789,-1.003190155,-1.003190155,13.9191794495,0.279151869
16.7,0.7595133069,-0.5582355164,0.0904860325,-1.0008804146,-1.0008804146,13.9343806964,0.2791177582
16.8,0.7605522958,-0.5581672601,0.0904599858,-0.9985640015,-0.9985640015,13.9496277471,0.27908363
16.9,0.7615945841,-0.5580989692,0.0904339387,-0.9962408833,-0.9962408833,13.9649208283,0.2790494846
17,0.7626401881,-0.5580306441,0.0904078915,-0.9939110277,-0.9939110277,13.9802601681,0.279015322
17.1,0.7636891243,-0.5579622847,0.0903818442,-0.9915744019,-0.9915744019,13.9956459963,0.2789811423
17.2,0.7647414092,-0.5578938912,0.0903557968,-0.9892309729,-0.9892309729,14.0110785441,0.2789469456
17.3,0.7657970594,-0.5578254638,0.0903297496,-0.9868807077,-0.9868807077,14.0265580445,0.2789127319
17.4,0.7668560918,-0.5577570026,0.0903037027,-0.9845235727,-0.9845235727,14.0420847318,0.2788785013
17.5,0.7679185233,-0.5576885078,0.090277656,-0.9821595342,-0.9821595342,14.0576588422,0.2788442539
17.6,0.7689843707,-0.5576199796,0.0902516098,-0.9797885584,-0.9797885584,14.0732806134,0.2788099898
17.7,0.7700536513,-0.557551418,0.0902255641,-0.9774106111,-0.9774106111,14.0889502846,0.278775709
17.8,0.7711263823,-0.5574828232,0.0901995191,-0.9750256579,-0.9750256579,14.1046680969,0.2787414116
17.9,0.7722025809,-0.5574141954,0.0901734749,-0.972633664,-0.972633664,14.1204342928,0.2787070977
18,0.7732822648,-0.5573455348,0.0901474316,-0.9702345946,-0.9702345946,14.1362491169,0.2786727674
18.1,0.7743654513,-0.5572768415,0.0901213892,-0.9678284144,-0.9678284144,14.152112815,0.2786384207
18.2,0.7754521584,-0.5572081156,0.090095348,-0.965415088,-0.965415088,14.1680256349,0.2786040578
18.3,0.7765424037,-0.5571393574,0.090069308,-0.9629945796,-0.9629945796,14.183987826,0.2785696787
18.4,0.7776362053,-0.557070567,0.0900432693,-0.9605668534,-0.9605668534,14.1999996396,0.2785352835
18.5,0.7787335811,-0.5570017447,0.0900172321,-0.958131873,-0.958131873,14.2160613287,0.2785008723
18.6,0.7798345495,-0.5569328904,0.0899911965,-0.9556896019,-0.9556896019,14.2321731479,0.2784664452
18.7,0.7809391286,-0.5568640046,0.0899651626,-0.9532400032,-0.9532400032,14.2483353538,0.2784320023
18.8,0.782047337,-0.5567950872,0.0899391306,-0.95078304,-0.95078304,14.2645482047,0.2783975436
18.9,0.7831591932,-0.5567261386,0.0899131005,-0.9483186749,-0.9483186749,14.2808119607,0.2783630693
19,0.7842747159,-0.5566571589,0.0898870725,-0.9458468702,-0.9458468702,14.2971268839,0.2783285794
19.1,0.785393924,-0.5565881482,0.0898610467,-0.943367588,-0.943367588,14.3134932381,0.2782940741
19.2,0.7865168363,-0.5565191069,0.0898350233,-0.94088079,-0.94088079,14.3299112889,0.2782595534
19.3,0.7876434721,-0.556450035,0.0898090024,-0.9383864379,-0.9383864379,14.3463813041,0.2782250175
19.4,0.7887738505,-0.5563809328,0.089782984,-0.9358844927,-0.9358844927,14.3629035531,0.2781904664
19.5,0.7899079908,-0.5563118004,0.0897569684,-0.9333749155,-0.9333749155,14.3794783072,0.2781559002
19.6,0.7910459126,-0.5562426382,0.0897309557,-0.9308576668,-0.9308576668,14.39610584,0.2781213191
19.7,0.7921876355,-0.5561734462,0.089704946,-0.9283327068,-0.9283327068,14.4127864267,0.2780867231
19.8,0.7933331793,-0.5561042247,0.0896789395,-0.9257999958,-0.9257999958,14.4295203447,0.2780521124
19.9,0.7944825639,-0.556034974,0.0896529363,-0.9232594932,-0.9232594932,14.4463078731,0.278017487
20,0.7956358093,-0.5559656942,0.0896269365,-0.9207111586,-0.9207111586,14.4631492934,0.2779828471
20.1,0.7967929356,-0.5558963855,0.0896009403,-0.9181549509,-0.9181549509,14.4800448889,0.2779481927
20.2,0.7979539634,-0.5558270482,0.0895749478,-0.915590829,-0.915590829,14.496994945,0.2779135241
20.3,0.7991189129,-0.5557576825,0.0895489592,-0.9130187513,-0.9130187513,14.5139997491,0.2778788412
20.4,0.8002878049,-0.5556882886,0.0895229747,-0.9104386759,-0.9104386759,14.5310595907,0.2778441443
20.5,0.80146066,-0.5556188668,0.0894969943,-0.9078505607,-0.9078505607,14.5481747617,0.2778094334
20.6,0.8026374993,-0.5555494173,0.0894710182,-0.905254363,-0.905254363,14.5653455556,0.2777747086
20.7,0.8038183438,-0.5554799403,0.0894450467,-0.90265004,-0.90265004,14.5825722685,0.2777399701
20.8,0.8050032146,-0.5554104361,0.0894190797,-0.9000375485,-0.9000375485,14.5998551985,0.277705218
20.9,0.8061921332,-0.5553409049,0.0893931176,-0.897416845,-0.897416845,14.6171946459,0.2776704525
21,0.807385121,-0.555271347,0.0893671605,-0.8947878856,-0.8947878856,14.6345909131,0.2776356735
21.1,0.8085821998,-0.5552017626,0.0893412084,-0.8921506261,-0.8921506261,14.6520443048,0.2776008813
21.2,0.8097833914,-0.5551321521,0.0893152617,-0.8895050219,-0.8895050219,14.6695551282,0.277566076
21.3,0.8109887177,-0.5550625155,0.0892893204,-0.886851028,-0.886851028,14.6871236923,0.2775312578
21.4,0.812198201,-0.5549928533,0.0892633847,-0.8841885993,-0.8841885993,14.7047503088,0.2774964267
21.5,0.8134118634,-0.5549231657,0.0892374548,-0.88151769,-0.88151769,14.7224352916,0.2774615829
21.6,0.8146297275,-0.5548534529,0.0892115309,-0.8788382542,-0.8788382542,14.7401789567,0.2774267265
21.7,0.8158518159,-0.5547837153,0.0891856131,-0.8761502455,-0.8761502455,14.7579816228,0.2773918577
21.8,0.8170781514,-0.5547139531,0.0891597016,-0.8734536172,-0.8734536172,14.7758436108,0.2773569766
21.9,0.8183087569,-0.5546441666,0.0891337966,-0.8707483221,-0.8707483221,14.793765244,0.2773220833
22,0.8195436556,-0.5545743561,0.0891078983,-0.8680343129,-0.8680343129,14.8117468482,0.277287178
22.1,0.8207828708,-0.5545045218,0.0890820068,-0.8653115416,-0.8653115416,14.8297887517,0.2772522609
22.2,0.822026426,-0.5544346642,0.0890561224,-0.8625799601,-0.8625799601,14.8478912851,0.2772173321
22.3,0.8232743447,-0.5543647834,0.0890302452,-0.8598395196,-0.8598395196,14.8660547816,0.2771823917
22.4,0.8245266508,-0.5542948798,0.0890043754,-0.8570901711,-0.8570901711,14.8842795769,0.2771474399
22.5,0.8257833683,-0.5542249537,0.0889785132,-0.8543318654,-0.8543318654,14.9025660093,0.2771124769
22.6,0.8270445213,-0.5541550054,0.0889526588,-0.8515645525,-0.8515645525,14.9209144196,0.2770775027
22.7,0.8283101343,-0.5540850353,0.0889268123,-0.8487881822,-0.8487881822,14.9393251513,0.2770425176
22.8,0.8295802316,-0.5540150436,0.0889009741,-0.8460027039,-0.8460027039,14.9577985504,0.2770075218
22.9,0.8308548381,-0.5539450307,0.0888751442,-0.8432080666,-0.8432080666,14.9763349655,0.2769725154
23,0.8321339786,-0.5538749969,0.088849323,-0.8404042188,-0.8404042188,14.9949347482,0.2769374985
23.1,0.8334176781,-0.5538049426,0.0888235105,-0.8375911087,-0.8375911087,15.0135982524,0.2769024713
23.2,0.834705962,-0.553734868,0.088797707,-0.834768684,-0.834768684,15.0323258349,0.276867434
23.3,0.8359988558,-0.5536647736,0.0887719127,-0.831936892,-0.831936892,15.0511178553,0.2768323868
23.4,0.8372963849,-0.5535946597,0.0887461279,-0.8290956795,-0.8290956795,15.0699746759,0.2767973299
23.5,0.8385985753,-0.5535245267,0.0887203527,-0.8262449929,-0.8262449929,15.0888966619,0.2767622634
23.6,0.839905453,-0.5534543749,0.0886945873,-0.8233847783,-0.8233847783,15.1078841812,0.2767271874
23.7,0.8412170443,-0.5533842046,0.0886688321,-0.8205149812,-0.8205149812,15.1269376047,0.2766921023
23.8,0.8425333755,-0.5533140163,0.0886430871,-0.8176355466,-0.8176355466,15.1460573061,0.2766570082
23.9,0.8438544733,-0.5532438104,0.0886173526,-0.8147464192,-0.8147464192,15.165243662,0.2766219052
24,0.8451803644,-0.5531735871,0.0885916289,-0.8118475432,-0.8118475432,15.1844970521,0.2765867936
24.1,0.846511076,-0.553103347,0.0885659162,-0.8089388623,-0.8089388623,15.2038178588,0.2765516735
24.2,0.8478466352,-0.5530330903,0.0885402147,-0.8060203197,-0.8060203197,15.2232064679,0.2765165452
24.3,0.8491870696,-0.5529628176,0.0885145246,-0.8030918582,-0.8030918582,15.2426632679,0.2764814088
24.4,0.8505324066,-0.5528925291,0.0884888462,-0.8001534202,-0.8001534202,15.2621886505,0.2764462646
24.5,0.8518826743,-0.5528222254,0.0884631798,-0.7972049473,-0.7972049473,15.2817830105,0.2764111127
24.6,0.8532379006,-0.5527519068,0.0884375255,-0.794246381,-0.794246381,15.3014467459,0.2763759534
24.7,0.8545981139,-0.5526815737,0.0884118837,-0.7912776622,-0.7912776622,15.3211802576,0.2763407869
24.8,0.8559633427,-0.5526112266,0.0883862545,-0.788298731,-0.788298731,15.3409839501,0.2763056133
24.9,0.8573336157,-0.5525408659,0.0883606383,-0.7853095275,-0.7853095275,15.3608582308,0.276270433
25,0.8587089618,-0.5524704921,0.0883350353,-0.7823099909,-0.7823099909,15.3808035105,0.2762352461
25.1,0.8600894103,-0.5524001056,0.0883094457,-0.77930006,-0.77930006,15.4008202033,0.2762000528
25.2,0.8614749904,-0.5523297068,0.0882838698,-0.7762796732,-0.7762796732,15.4209087265,0.2761648534
25.3,0.8628657319,-0.5522592963,0.0882583079,-0.7732487683,-0.7732487683,15.4410695009,0.2761296481
25.4,0.8642616646,-0.5521888744,0.0882327602,-0.7702072825,-0.7702072825,15.4613029507,0.2760944372
25.5,0.8656628186,-0.5521184416,0.088207227,-0.7671551525,-0.7671551525,15.4816095034,0.2760592208
25.6,0.8670692243,-0.5520479985,0.0881817087,-0.7640923146,-0.7640923146,15.5019895902,0.2760239992
25.7,0.868480912,-0.5519775455,0.0881562054,-0.7610187043,-0.7610187043,15.5224436455,0.2759887727
25.8,0.8698979128,-0.551907083,0.0881307175,-0.7579342568,-0.7579342568,15.5429721074,0.2759535415
25.9,0.8713202576,-0.5518366117,0.0881052452,-0.7548389066,-0.7548389066,15.5635754176,0.2759183059
26,0.8727479777,-0.551766132,0.0880797889,-0.7517325878,-0.7517325878,15.5842540214,0.275883066
26.1,0.8741811046,-0.5516956444,0.0880543488,-0.7486152336,-0.7486152336,15.6050083677,0.2758478222
26.2,0.8756196702,-0.5516251494,0.0880289252,-0.745486777,-0.745486777,15.6258389091,0.2758125747
26.3,0.8770637064,-0.5515546476,0.0880035184,-0.7423471503,-0.7423471503,15.646746102,0.2757773238
26.4,0.8785132456,-0.5514841395,0.0879781288,-0.739196285,-0.739196285,15.6677304065,0.2757420697
26.5,0.8799683202,-0.5514136256,0.0879527566,-0.7360341124,-0.7360341124,15.6887922864,0.2757068128
26.6,0.8814289632,-0.5513431065,0.0879274022,-0.7328605628,-0.7328605628,15.7099322096,0.2756715532
26.7,0.8828952075,-0.5512725827,0.0879020658,-0.7296755662,-0.7296755662,15.7311506477,0.2756362913
26.8,0.8843670865,-0.5512020548,0.0878767479,-0.7264790519,-0.7264790519,15.7524480762,0.2756010274
26.9,0.8858446338,-0.5511315234,0.0878514486,-0.7232709485,-0.7232709485,15.7738249747,0.2755657617
27,0.8873278833,-0.5510609891,0.0878261684,-0.7200511842,-0.7200511842,15.7952818267,0.2755304946
27.1,0.8888168691,-0.5509904524,0.0878009075,-0.7168196862,-0.7168196862,15.8168191199,0.2754952262
27.2,0.8903116255,-0.5509199139,0.0877756663,-0.7135763814,-0.7135763814,15.8384373458,0.275459957
27.3,0.8918121874,-0.5508493743,0.0877504452,-0.7103211959,-0.7103211959,15.8601370005,0.2754246872
27.4,0.8933185897,-0.5507788342,0.0877252445,-0.7070540553,-0.7070540553,15.8819185838,0.2753894171
27.5,0.8948308675,-0.5507082941,0.0877000645,-0.7037748843,-0.7037748843,15.9037826,0.275354147
27.6,0.8963490566,-0.5506377547,0.0876749056,-0.7004836072,-0.7004836072,15.9257295577,0.2753188773
27.7,0.8978731926,-0.5505672166,0.0876497682,-0.6971801474,-0.6971801474,15.9477599697,0.2752836083
27.8,0.8994033118,-0.5504966806,0.0876246526,-0.6938644278,-0.6938644278,15.9698743531,0.2752483403
27.9,0.9009394506,-0.5504261472,0.0875995591,-0.6905363706,-0.6905363706,15.9920732297,0.2752130736
28,0.9024816455,-0.550355617,0.0875744882,-0.6871958971,-0.6871958971,16.0143571255,0.2751778085
28.1,0.9040299338,-0.5502850909,0.0875494402,-0.6838429282,-0.6838429282,16.036726571,0.2751425455
28.2,0.9055843527,-0.5502145694,0.0875244155,-0.6804773839,-0.6804773839,16.0591821015,0.2751072847
28.3,0.9071449397,-0.5501440533,0.0874994145,-0.6770991835,-0.6770991835,16.0817242567,0.2750720267
28.4,0.908711733,-0.5500735433,0.0874744376,-0.6737082457,-0.6737082457,16.104353581,0.2750367716
28.5,0.9102847707,-0.55000304,0.0874494851,-0.6703044884,-0.6703044884,16.1270706236,0.27500152
28.6,0.9118638141,-0.5499323216,0.087424437,-0.6694491714,-0.6694491714,16.1500499106,0.2749661608
28.7,0.9134491666,-0.549861601,0.0873994085,-0.666023654,-0.666023654,16.1729263434,0.2749308005
28.8,0.9150408801,-0.5497908888,0.0873744056,-0.6625849072,-0.6625849072,16.195892098,0.2748954444
28.9,0.9166389941,-0.549720186,0.0873494286,-0.659132845,-0.659132845,16.2189477441,0.274860093
29,0.9182435485,-0.5496494932,0.087324478,-0.6556673807,-0.6556673807,16.2420938562,0.2748247466
29.1,0.9198545835,-0.5495788113,0.0872995542,-0.6521884269,-0.6521884269,16.265331014,0.2747894056
29.2,0.9214721396,-0.549508141,0.0872746576,-0.6486958952,-0.6486958952,16.2886598021,0.2747540705
29.3,0.9230962579,-0.5494374832,0.0872497887,-0.6451896965,-0.6451896965,16.3120808105,0.2747187416
29.4,0.9247269795,-0.5493668387,0.087224948,-0.6416697412,-0.6416697412,16.3355946342,0.2746834193
29.5,0.9263643461,-0.5492962083,0.0872001358,-0.6381359384,-0.6381359384,16.3592018736,0.2746481041
29.6,0.9280083996,-0.5492255928,0.0871753527,-0.6345881968,-0.6345881968,16.3829031343,0.2746127964
29.7,0.9296591823,-0.5491549932,0.0871505991,-0.631026424,-0.631026424,16.4066990274,0.2745774966
29.8,0.9313167369,-0.5490844103,0.0871258755,-0.627450527,-0.627450527,16.4305901695,0.2745422051
29.9,0.9329811064,-0.5490138449,0.0871011824,-0.6238604119,-0.6238604119,16.4545771824,0.2745069225
30,0.9346523343,-0.548943298,0.0870765202,-0.6202559839,-0.6202559839,16.4786606939,0.274471649
30.1,0.9363304642,-0.5488727704,0.0870518895,-0.6166371473,-0.6166371473,16.5028413372,0.2744363852
30.2,0.9380155403,-0.5488022632,0.0870272907,-0.6130038057,-0.6130038057,16.5271197511,0.2744011316
30.3,0.9397076072,-0.5487317771,0.0870027244,-0.6093558616,-0.6093558616,16.5514965803,0.2743658885
30.4,0.9414067097,-0.5486613131,0.086978191,-0.605693217,-0.605693217,16.5759724754,0.2743306566
30.5,0.9431128932,-0.5485908723,0.0869536911,-0.6020157725,-0.6020157725,16.6005480928,0.2742954362
30.6,0.9448262033,-0.5485204555,0.0869292252,-0.5983234283,-0.5983234283,16.6252240948,0.2742602278
30.7,0.946546686,-0.5484500638,0.0869047938,-0.5946160833,-0.5946160833,16.6500011498,0.2742250319
30.8,0.948274388,-0.5483796981,0.0868803975,-0.5908936357,-0.5908936357,16.6748799324,0.2741898491
30.9,0.9500093559,-0.5483093595,0.0868560368,-0.5871559826,-0.5871559826,16.6998611231,0.2741546797
31,0.9517516372,-0.5482390489,0.0868317122,-0.5834030204,-0.5834030204,16.724945409,0.2741195244
31.1,0.9535012796,-0.5481687674,0.0868074243,-0.5796346444,-0.5796346444,16.7501334832,0.2740843837
31.2,0.955258331,-0.5480985161,0.0867831737,-0.5758507488,-0.5758507488,16.7754260453,0.274049258
31.3,0.9570228401,-0.5480282959,0.086758961,-0.5720512272,-0.5720512272,16.8008238014,0.274014148
31.4,0.9587948558,-0.5479581081,0.0867347866,-0.5682359718,-0.5682359718,16.8263274642,0.273979054
31.5,0.9605744275,-0.5478879536,0.0867106513,-0.5644048741,-0.5644048741,16.8519377527,0.2739439768
31.6,0.9623616051,-0.5478178336,0.0866865555,-0.5605578244,-0.5605578244,16.8776553931,0.2739089168
31.7,0.9641564388,-0.5477477492,0.0866624999,-0.5566947122,-0.5566947122,16.9034811178,0.2738738746
31.8,0.9659589792,-0.5476777015,0.0866384852,-0.5528154257,-0.5528154257,16.9294156664,0.2738388508
31.9,0.9677692776,-0.5476076918,0.0866145118,-0.5489198523,-0.5489198523,16.9554597854,0.2738038459
32,0.9695873856,-0.547537721,0.0865905805,-0.5450078783,-0.5450078783,16.9816142283,0.2737688605
32.1,0.9714133552,-0.5474677906,0.0865666918,-0.5410793887,-0.5410793887,17.0078797556,0.2737338953
32.2,0.973247239,-0.5473979015,0.0865428465,-0.5371342678,-0.5371342678,17.034257135,0.2736989508
32.3,0.97508909,-0.5473280552,0.0865190451,-0.5331723986,-0.5331723986,17.0607471415,0.2736640276
32.4,0.9769389616,-0.5472582527,0.0864952883,-0.5291936629,-0.5291936629,17.0873505575,0.2736291263
32.5,0.9787969078,-0.5471884953,0.0864715767,-0.5251979417,-0.5251979417,17.1140681727,0.2735942477
32.6,0.9806629831,-0.5471187844,0.0864479111,-0.5211851145,-0.5211851145,17.1409007845,0.2735593922
32.7,0.9825372423,-0.5470491211,0.0864242921,-0.5171550599,-0.5171550599,17.1678491978,0.2735245606
32.8,0.984419741,-0.5469795069,0.0864007205,-0.5131076553,-0.5131076553,17.1949142252,0.2734897534
32.9,0.986310535,-0.5469099429,0.0863771968,-0.509042777,-0.509042777,17.2220966872,0.2734549715
33,0.9882096807,-0.5468404306,0.0863537218,-0.5049603,-0.5049603,17.249397412,0.2734202153
33.1,0.9901172352,-0.5467709714,0.0863302963,-0.5008600981,-0.5008600981,17.2768172361,0.2733854857
33.2,0.9920332559,-0.5467015664,0.0863069209,-0.4967420441,-0.4967420441,17.3043570038,0.2733507832
33.3,0.9939578008,-0.5466322173,0.0862835964,-0.4926060093,-0.4926060093,17.3320175678,0.2733161087
33.4,0.9958909284,-0.5465629254,0.0862603235,-0.4884518639,-0.4884518639,17.3597997889,0.2732814627
33.5,0.9978326977,-0.546493692,0.0862371031,-0.4842794769,-0.4842794769,17.3877045364,0.273246846
33.6,0.9997831685,-0.5464245188,0.0862139357,-0.4800887161,-0.4800887161,17.4157326881,0.2732122594
33.7,1.0017424007,-0.546355407,0.0861908223,-0.4758794477,-0.4758794477,17.4438851303,0.2731777035
33.8,1.0037104552,-0.5462863584,0.0861677636,-0.4716515369,-0.4716515369,17.4721627582,0.2731431792
33.9,1.0056873931,-0.5462173742,0.0861447604,-0.4674048475,-0.4674048475,17.5005664757,0.2731086871
34,1.0076732764,-0.5461484562,0.0861218135,-0.4631392421,-0.4631392421,17.5290971954,0.2730742281
34.1,1.0096681674,-0.5460796057,0.0860989237,-0.4588545817,-0.4588545817,17.5577558394,0.2730398029
34.2,1.0116721292,-0.5460108245,0.0860760918,-0.4545507261,-0.4545507261,17.5865433385,0.2730054123
34.3,1.0136852252,-0.5459421141,0.0860533187,-0.4502275338,-0.4502275338,17.6154606331,0.272971057
34.4,1.0157075197,-0.5458734761,0.0860306053,-0.4458848619,-0.4458848619,17.6445086727,0.2729367381
34.5,1.0177390774,-0.5458049122,0.0860079523,-0.4415225659,-0.4415225659,17.6736884164,0.2729024561
34.6,1.0197799638,-0.545736424,0.0859853606,-0.4371405,-0.4371405,17.7030008331,0.272868212
34.7,1.0218302447,-0.5456680133,0.0859628312,-0.4327385171,-0.4327385171,17.7324469011,0.2728340066
34.8,1.0238899869,-0.5455996816,0.0859403649,-0.4283164684,-0.4283164684,17.7620276088,0.2727998408
34.9,1.0259592576,-0.5455314309,0.0859179627,-0.4238742039,-0.4238742039,17.7917439545,0.2727657154
35,1.0280381246,-0.5454632628,0.0858956253,-0.4194115718,-0.4194115718,17.8215969465,0.2727316314
35.1,1.0301266564,-0.5453951791,0.0858733539,-0.414928419,-0.414928419,17.8515876037,0.2726975895
35.2,1.0322249224,-0.5453271816,0.0858511492,-0.4104245909,-0.4104245909,17.8817169549,0.2726635908
35.3,1.0343329922,-0.5452592722,0.0858290123,-0.4058999312,-0.4058999312,17.9119860397,0.2726296361
35.4,1.0364509364,-0.5451914527,0.0858069442,-0.4013542822,-0.4013542822,17.9423959084,0.2725957263
35.5,1.0385788262,-0.545123725,0.0857849457,-0.3967874845,-0.3967874845,17.9729476217,0.2725618625
35.6,1.0407167334,-0.545056091,0.085763018,-0.3921993771,-0.3921993771,18.0036422517,0.2725280455
35.7,1.0428647306,-0.5449885527,0.0857411619,-0.3875897975,-0.3875897975,18.0344808812,0.2724942763
35.8,1.045022891,-0.544921112,0.0857193786,-0.3829585814,-0.3829585814,18.0654646043,0.272460556
35.9,1.0471912887,-0.5448537709,0.085697669,-0.378305563,-0.378305563,18.0965945266,0.2724268854
36,1.0493699982,-0.5447865314,0.0856760342,-0.3736305746,-0.3736305746,18.1278717649,0.2723932657
36.1,1.051559095,-0.5447193956,0.0856544752,-0.3689334471,-0.3689334471,18.1592974479,0.2723596978
36.2,1.0537586551,-0.5446523656,0.0856329932,-0.3642140094,-0.3642140094,18.1908727161,0.2723261828
36.3,1.0559687556,-0.5445854435,0.0856115892,-0.3594720889,-0.3594720889,18.2225987218,0.2722927218
36.4,1.058189474,-0.5445186314,0.0855902643,-0.354707511,-0.354707511,18.2544766294,0.2722593157
36.5,1.0604208886,-0.5444519315,0.0855690197,-0.3499200994,-0.3499200994,18.2865076158,0.2722259657
36.6,1.0626630788,-0.5443853459,0.0855478564,-0.345109676,-0.345109676,18.3186928702,0.2721926729
36.7,1.0649161242,-0.5443188769,0.0855267756,-0.340276061,-0.340276061,18.3510335943,0.2721594385
36.8,1.0671801058,-0.5442525269,0.0855057786,-0.3354190725,-0.3354190725,18.3835310028,0.2721262634
36.9,1.069455105,-0.5441862979,0.0854848664,-0.3305385269,-0.3305385269,18.4161863231,0.272093149
37,1.0717412042,-0.5441201925,0.0854640402,-0.3256342386,-0.3256342386,18.449000796,0.2720600963
37.1,1.0740384864,-0.5440542129,0.0854433013,-0.3207060202,-0.3207060202,18.4819756754,0.2720271065
37.2,1.0763470357,-0.5439883616,0.085422651,-0.3157536821,-0.3157536821,18.5151122286,0.2719941808
37.3,1.0786669369,-0.5439226409,0.0854020903,-0.3107770331,-0.3107770331,18.5484117368,0.2719613205
37.4,1.0809982755,-0.5438570534,0.0853816207,-0.3057758796,-0.3057758796,18.5818754949,0.2719285267
37.5,1.0833411382,-0.5437916015,0.0853612434,-0.3007500263,-0.3007500263,18.6155048119,0.2718958008
37.6,1.0856956124,-0.5437262878,0.0853409597,-0.2956992756,-0.2956992756,18.6493010108,0.2718631439
37.7,1.0880617861,-0.5436611147,0.0853207708,-0.290623428,-0.290623428,18.6832654295,0.2718305574
37.8,1.0904397487,-0.5435960851,0.0853006782,-0.2855222819,-0.2855222819,18.71739942,0.2717980425
37.9,1.0928295902,-0.5435312014,0.0852806832,-0.2803956333,-0.2803956333,18.7517043494,0.2717656007
38,1.0952314015,-0.5434664663,0.0852607872,-0.2752432764,-0.2752432764,18.7861815999,0.2717332332
38.1,1.0976452745,-0.5434018826,0.0852409915,-0.270065003,-0.270065003,18.8208325686,0.2717009413
38.2,1.1000713021,-0.5433374531,0.0852212976,-0.2648606028,-0.2648606028,18.8556586685,0.2716687265
38.3,1.102509578,-0.5432731805,0.0852017069,-0.2596298631,-0.2596298631,18.8906613278,0.2716365902
38.4,1.1049601969,-0.5432090677,0.0851822209,-0.2543725691,-0.2543725691,18.925841991,0.2716045338
38.5,1.1074232545,-0.5431451175,0.0851628409,-0.2490885035,-0.2490885035,18.9612021184,0.2715725587
38.6,1.1098988476,-0.5430813329,0.0851435686,-0.243777447,-0.243777447,18.9967431868,0.2715406665
38.7,1.1123870737,-0.5430177168,0.0851244054,-0.2384391775,-0.2384391775,19.0324666896,0.2715088584
38.8,1.1148880316,-0.5429542723,0.0851053528,-0.2330734708,-0.2330734708,19.0683741368,0.2714771362
38.9,1.1174018211,-0.5428910024,0.0850864125,-0.2276801003,-0.2276801003,19.1044670556,0.2714455012
39,1.1199285427,-0.5428279102,0.0850675859,-0.2222588367,-0.2222588367,19.1407469905,0.2714139551
39.1,1.1224682983,-0.5427649988,0.0850488748,-0.2168094484,-0.2168094484,19.1772155034,0.2713824994
39.2,1.1250211909,-0.5427022715,0.0850302806,-0.2113317013,-0.2113317013,19.2138741741,0.2713511357
39.3,1.1275873241,-0.5426397314,0.0850118051,-0.2058253587,-0.2058253587,19.2507246004,0.2713198657
39.4,1.1301668032,-0.5425773818,0.0849934499,-0.2002901811,-0.2002901811,19.2877683984,0.2712886909
39.5,1.1327597342,-0.5425152262,0.0849752168,-0.1947259268,-0.1947259268,19.3250072028,0.2712576131
39.6,1.1353662243,-0.5424532677,0.0849571074,-0.189132351,-0.189132351,19.3624426671,0.2712266339
39.7,1.137986382,-0.5423915099,0.0849391234,-0.1835092065,-0.1835092065,19.4000764639,0.271195755
39.8,1.1406203166,-0.5423299563,0.0849212668,-0.1778562432,-0.1778562432,19.4379102851,0.2711649782
39.9,1.1432681388,-0.5422686104,0.0849035391,-0.1721732083,-0.1721732083,19.4759458426,0.2711343052
40,1.1459299606,-0.5422074757,0.0848859423,-0.1664598463,-0.1664598463,19.5141848678,0.2711037379
40.1,1.1486058949,-0.542146556,0.0848684783,-0.1607158987,-0.1607158987,19.5526291128,0.271073278
40.2,1.1512960559,-0.5420858548,0.0848511488,-0.1549411041,-0.1549411041,19.5912803499,0.2710429274
40.3,1.1540005592,-0.542025376,0.0848339558,-0.1491351983,-0.1491351983,19.6301403726,0.271012688
40.4,1.1567195213,-0.5419651233,0.0848169011,-0.143297914,-0.143297914,19.6692109953,0.2709825616
40.5,1.1594530604,-0.5419051006,0.0847999869,-0.137428981,-0.137428981,19.708494054,0.2709525503
40.6,1.1622012955,-0.5418453118,0.084783215,-0.1315281261,-0.1315281261,19.7479914066,0.2709226559
40.7,1.1649643472,-0.5417857609,0.0847665875,-0.1255950729,-0.1255950729,19.7877049331,0.2708928804
40.8,1.1677423373,-0.5417264519,0.0847501063,-0.1196295418,-0.1196295418,19.8276365358,0.2708632259
40.9,1.170535389,-0.5416673889,0.0847337737,-0.1136312503,-0.1136312503,19.8677881401,0.2708336945
41,1.1733436267,-0.5416085761,0.0847175916,-0.1075999124,-0.1075999124,19.9081616943,0.270804288
41.1,1.1761671762,-0.5415500177,0.0847015622,-0.101535239,-0.101535239,19.9487591706,0.2707750088
41.2,1.1790061648,-0.5414917179,0.0846856878,-0.0954369376,-0.0954369376,19.9895825647,0.270745859
41.3,1.181860721,-0.5414336812,0.0846699704,-0.0893047124,-0.0893047124,20.0306338968,0.2707168406
41.4,1.1847309749,-0.5413759119,0.0846544123,-0.0831382642,-0.0831382642,20.0719152115,0.270687956
41.5,1.1876170579,-0.5413184145,0.0846390159,-0.0769372903,-0.0769372903,20.1134285787,0.2706592073
41.6,1.1905191029,-0.5412611936,0.0846237833,-0.0707014847,-0.0707014847,20.1551760935,0.2706305968
41.7,1.1934372442,-0.5412042538,0.0846087169,-0.0644305375,-0.0644305375,20.1971598769,0.2706021269
41.8,1.1963716179,-0.5411475997,0.0845938191,-0.0581241354,-0.0581241354,20.2393820759,0.2705737998
41.9,1.1993223611,-0.5410912362,0.0845790923,-0.0517819615,-0.0517819615,20.2818448643,0.2705456181
42,1.2022896128,-0.541035168,0.084564539,-0.0454036952,-0.0454036952,20.324550443,0.270517584
42.1,1.2052735135,-0.5409794001,0.0845501616,-0.038989012,-0.038989012,20.3675010401,0.2704897001
42.2,1.2082742052,-0.5409239375,0.0845359626,-0.0325375836,-0.0325375836,20.4106989118,0.2704619687
42.3,1.2112918316,-0.5408687852,0.0845219446,-0.0260490781,-0.0260490781,20.4541463425,0.2704343926
42.4,1.2143265377,-0.5408139484,0.0845081102,-0.0195231593,-0.0195231593,20.4978456456,0.2704069742
42.5,1.2173784707,-0.5407594322,0.0844944621,-0.0129594873,-0.0129594873,20.5417991635,0.2703797161
42.6,1.2204477789,-0.540705242,0.0844810028,-0.0063577181,-0.0063577181,20.5860092685,0.270352621
42.7,1.2235346126,-0.5406513833,0.0844677352,0.0002824964,0.0002824964,20.6304783629,0.2703256916
42.8,1.2266391238,-0.5405978613,0.0844546619,0.0069615086,0.0069615086,20.6752088801,0.2702989307
42.9,1.2297614661,-0.5405446817,0.0844417858,0.0136796748,0.0136796748,20.7202032842,0.2702723409
43,1.2329017949,-0.5404918502,0.0844291098,0.020437356,0.020437356,20.7654640713,0.2702459251
43.1,1.2360602675,-0.5404393725,0.0844166366,0.0272349171,0.0272349171,20.8109937697,0.2702196862
43.2,1.239237043,-0.5403872543,0.0844043694,0.0340727277,0.0340727277,20.8567949405,0.2701936272
43.3,1.242432282,-0.5403355016,0.0843923109,0.0409511617,0.0409511617,20.9028701779,0.2701677508
43.4,1.2456461474,-0.5402841205,0.0843804644,0.0478705978,0.0478705978,20.9492221101,0.2701420602
43.5,1.2488788038,-0.5402331169,0.0843688327,0.0548314189,0.0548314189,20.9958533997,0.2701165585
43.6,1.2521304175,-0.5401824972,0.0843574192,0.0618340128,0.0618340128,21.0427667443,0.2700912486
43.7,1.2554011572,-0.5401322675,0.0843462269,0.0688787722,0.0688787722,21.089964877,0.2700661338
43.8,1.2586911932,-0.5400824343,0.084335259,0.0759660943,0.0759660943,21.1374505673,0.2700412172
43.9,1.2620006978,-0.5400330042,0.0843245189,0.0830963815,0.0830963815,21.1852266212,0.2700165021
44,1.2653298456,-0.5399839836,0.0843140099,0.0902700408,0.0902700408,21.2332958823,0.2699919918
44.1,1.268678813,-0.5399353794,0.0843037353,0.0974874845,0.0974874845,21.2816612323,0.2699676897
44.2,1.2720477785,-0.5398871983,0.0842936987,0.10474913,0.10474913,21.3303255913,0.2699435991
44.3,1.2754369229,-0.5398394472,0.0842839034,0.1120553999,0.1120553999,21.3792919192,0.2699197236
44.4,1.2788464289,-0.5397921333,0.0842743531,0.1194067218,0.1194067218,21.4285632156,0.2698960667
44.5,1.2822764815,-0.5397452636,0.0842650513,0.1268035291,0.1268035291,21.4781425211,0.2698726318
44.6,1.2857272679,-0.5396988455,0.0842560017,0.1342462602,0.1342462602,21.5280329176,0.2698494227
44.7,1.2891989776,-0.5396528863,0.0842472081,0.1417353594,0.1417353594,21.5782375293,0.2698264431
44.8,1.2926918022,-0.5396073935,0.0842386742,0.1492712763,0.1492712763,21.6287595233,0.2698036967
44.9,1.2962059357,-0.5395623748,0.0842304039,0.1568544665,0.1568544665,21.6796021102,0.2697811874
45,1.2997415745,-0.5395178379,0.084222401,0.164485391,0.164485391,21.7307685453,0.269758919
45.1,1.3032989173,-0.5394737908,0.0842146696,0.172164517,0.172164517,21.782262129,0.2697368954
45.2,1.3068781651,-0.5394302414,0.0842072138,0.1798923176,0.1798923176,21.8340862079,0.2697151207
45.3,1.3104795216,-0.5393871978,0.0842000375,0.1876692718,0.1876692718,21.8862441753,0.2696935989
45.4,1.3141031928,-0.5393446685,0.0841931451,0.1954958649,0.1954958649,21.9387394724,0.2696723343
45.5,1.3177493872,-0.5393026618,0.0841865407,0.2033725885,0.2033725885,21.9915755888,0.2696513309
45.6,1.3214183159,-0.5392611863,0.0841802287,0.2112999405,0.2112999405,22.0447560637,0.2696305931
45.7,1.3251101926,-0.5392202506,0.0841742134,0.2192784251,0.2192784251,22.0982844866,0.2696101253
45.8,1.3288252337,-0.5391798637,0.0841684993,0.2273085534,0.2273085534,22.1521644985,0.2695899319
45.9,1.3325636581,-0.5391400345,0.0841630911,0.2353908428,0.2353908428,22.2063997923,0.2695700173
46,1.3363256875,-0.5391007723,0.0841579932,0.2435258178,0.2435258178,22.2609941144,0.2695503862
46.1,1.3401115463,-0.5390620863,0.0841532104,0.2517140097,0.2517140097,22.3159512652,0.2695310431
46.2,1.343921462,-0.539023986,0.0841487474,0.2599559565,0.2599559565,22.3712751006,0.269511993
46.3,1.3477556644,-0.538986481,0.0841446092,0.2682522038,0.2682522038,22.4269695323,0.2694932405
46.4,1.3516143865,-0.5389495811,0.0841408007,0.276603304,0.276603304,22.4830385297,0.2694747905
46.5,1.3554978644,-0.5389132963,0.0841373269,0.2850098173,0.2850098173,22.5394861205,0.2694566481
46.6,1.3594063367,-0.5388776367,0.0841341929,0.2934723109,0.2934723109,22.5963163917,0.2694388184
46.7,1.3633400453,-0.5388426127,0.0841314039,0.3019913599,0.3019913599,22.6535334912,0.2694213063
46.8,1.3672992353,-0.5388082347,0.0841289652,0.3105675471,0.3105675471,22.7111416285,0.2694041173
46.9,1.3712841545,-0.5387745134,0.0841268823,0.319201463,0.319201463,22.7691450762,0.2693872567
47,1.3752950543,-0.5387414596,0.0841251606,0.3278937063,0.3278937063,22.8275481711,0.2693707298
47.1,1.379332189,-0.5387090845,0.0841238056,0.3366448837,0.3366448837,22.8863553155,0.2693545422
47.2,1.3833958162,-0.5386773992,0.0841228231,0.3454556102,0.3454556102,22.9455709785,0.2693386996
47.3,1.3874861968,-0.5386464151,0.0841222188,0.3543265091,0.3543265091,23.0051996969,0.2693232076
47.4,1.3916035953,-0.538616144,0.0841219987,0.3632582124,0.3632582124,23.0652460775,0.269308072
47.5,1.3957482794,-0.5385865976,0.0841221686,0.3722513607,0.3722513607,23.1257147973,0.2692932988
47.6,1.3999205201,-0.538557788,0.0841227348,0.3813066036,0.3813066036,23.1866106059,0.269278894
47.7,1.4041205923,-0.5385297275,0.0841237034,0.3904245994,0.3904245994,23.2479383264,0.2692648638
47.8,1.4083487742,-0.5385024285,0.0841250807,0.3996060158,0.3996060158,23.309702857,0.2692512143
47.9,1.4126053477,-0.5384759038,0.0841268731,0.4088515298,0.4088515298,23.3719091727,0.2692379519
48,1.4168905985,-0.5384501663,0.0841290873,0.4181618278,0.4181618278,23.4345623266,0.2692250832
48.1,1.4212048159,-0.5384252291,0.0841317298,0.4275376058,0.4275376058,23.4976674516,0.2692126146
48.2,1.4255482931,-0.5384011057,0.0841348075,0.4369795698,0.4369795698,23.5612297621,0.2692005529
48.3,1.4299213271,-0.5383778097,0.0841383273,0.4464884356,0.4464884356,23.6252545558,0.2691889049
48.4,1.434324219,-0.5383553551,0.0841422962,0.4560649294,0.4560649294,23.6897472151,0.2691776775
48.5,1.4387572737,-0.5383337558,0.0841467214,0.4657097875,0.4657097875,23.754713209,0.2691668779
48.6,1.4432208002,-0.5383130264,0.0841516101,0.4754237569,0.4754237569,23.8201580953,0.2691565132
48.7,1.4477151118,-0.5382931815,0.08415697,0.4852075953,0.4852075953,23.886087522,0.2691465908
48.8,1.4522405259,-0.5382742361,0.0841628084,0.4950620714,0.4950620714,23.9525072291,0.2691371181
48.9,1.456797364,-0.5382562054,0.0841691332,0.5049879648,0.5049879648,24.0194230514,0.2691281027
49,1.4613859523,-0.5382391048,0.0841759522,0.5149860668,0.5149860668,24.0868409195,0.2691195524
49.1,1.4660066211,-0.5382229502,0.0841832734,0.5250571799,0.5250571799,24.1547668626,0.2691114751
49.2,1.4706597053,-0.5382077577,0.084191105,0.5352021186,0.5352021186,24.2232070105,0.2691038788
49.3,1.4753455444,-0.5381935435,0.0841994554,0.5454217093,0.5454217093,24.2921675955,0.2690967718
49.4,1.4800644824,-0.5381803245,0.0842083329,0.5557167906,0.5557167906,24.361654955,0.2690901622
49.5,1.4848168683,-0.5381681175,0.0842177464,0.5660882135,0.5660882135,24.4316755335,0.2690840588
49.6,1.4896030556,-0.53815694,0.0842277045,0.5765368417,0.5765368417,24.5022358856,0.26907847
49.7,1.4944234028,-0.5381468096,0.0842382162,0.587063552,0.587063552,24.5733426776,0.2690734048
49.8,1.4992782734,-0.5381377442,0.0842492908,0.5976692341,0.5976692341,24.6450026908,0.2690688721
49.9,1.5041680358,-0.5381297622,0.0842609375,0.6083547912,0.6083547912,24.7172228235,0.2690648811
50,1.5090930638,-0.5381228823,0.084273166,0.6191211403,0.6191211403,24.7900100941,0.2690614412
50.1,1.5140537362,-0.5381171236,0.0842859858,0.6299692122,0.6299692122,24.8633716438,0.2690585618
50.2,1.5190504371,-0.5381125053,0.0842994069,0.6408999521,0.6408999521,24.9373147391,0.2690562527
50.3,1.5240835561,-0.5381090474,0.0843134394,0.6519143195,0.6519143195,25.0118467751,0.2690545237
50.4,1.5291534883,-0.53810677,0.0843280937,0.6630132888,0.6630132888,25.0869752783,0.269053385
50.5,1.5342606344,-0.5381056936,0.0843433801,0.6741978496,0.6741978496,25.1627079099,0.2690528468
50.6,1.5394054008,-0.5381058392,0.0843593094,0.6854690066,0.6854690066,25.2390524687,0.2690529196
50.7,1.5445881996,-0.5381072283,0.0843758926,0.6968277806,0.6968277806,25.3160168945,0.2690536142
50.8,1.5498094488,-0.5381098826,0.0843931409,0.7082752081,0.7082752081,25.3936092715,0.2690549413
50.9,1.5550695727,-0.5381138243,0.0844110655,0.719812342,0.719812342,25.471837832,0.2690569122
51,1.5603690012,-0.5381190762,0.0844296781,0.7314402522,0.7314402522,25.5507109596,0.2690595381
51.1,1.5657081709,-0.5381256614,0.0844489906,0.7431600253,0.7431600253,25.6302371931,0.2690628307
51.2,1.5710875244,-0.5381336034,0.0844690151,0.7549727653,0.7549727653,25.7104252304,0.2690668017
51.3,1.5765075111,-0.5381429264,0.0844897638,0.7668795942,0.7668795942,25.7912839324,0.2690714632
51.4,1.5819685865,-0.5381536549,0.0845112495,0.778881652,0.778881652,25.872822327,0.2690768275
51.5,1.5874712131,-0.538165814,0.084533485,0.7909800972,0.7909800972,25.9550496132,0.269082907
51.6,1.5930158603,-0.5381794293,0.0845564834,0.8031761073,0.8031761073,26.0379751659,0.2690897147
51.7,1.5986030041,-0.5381945268,0.0845802582,0.8154708791,0.8154708791,26.1216085397,0.2690972634
51.8,1.6042331279,-0.5382111333,0.084604823,0.8278656291,0.8278656291,26.2059594742,0.2691055666
51.9,1.6099067221,-0.5382292758,0.0846301919,0.840361594,0.840361594,26.2910378982,0.2691146379
52,1.6156242845,-0.5382489822,0.0846563791,0.8529600312,0.8529600312,26.3768539352,0.2691244911
52.1,1.6213863203,-0.5382702808,0.0846833992,0.8656622192,0.8656622192,26.4634179079,0.2691351404
52.2,1.6271933424,-0.5382932004,0.0847112672,0.878469458,0.878469458,26.5507403438,0.2691466002
52.3,1.6330458714,-0.5383177708,0.0847399983,0.8913830695,0.8913830695,26.638831981,0.2691588854
52.4,1.6389444359,-0.5383440219,0.084769608,0.9044043985,0.9044043985,26.727703773,0.269172011
52.5,1.6448895726,-0.5383719847,0.0848001123,0.9175348125,0.9175348125,26.8173668952,0.2691859923
52.6,1.6508818261,-0.5384016905,0.0848315275,0.9307757028,0.9307757028,26.907832751,0.2692008453
52.7,1.6569217497,-0.5384331716,0.08486387,0.9441284847,0.9441284847,26.9991129773,0.2692165858
52.8,1.6630099053,-0.5384664607,0.0848971571,0.9575945984,0.9575945984,27.0912194519,0.2692332303
52.9,1.6691468631,-0.5385015913,0.0849314059,0.971175509,0.971175509,27.1841642996,0.2692507957
53,1.6753332026,-0.5385385979,0.0849666343,0.984872708,0.984872708,27.2779598994,0.2692692989
53.1,1.6815695123,-0.5385775152,0.0850028604,0.9986877128,0.9986877128,27.3726188916,0.2692887576
53.2,1.6878563896,-0.5386183793,0.0850401029,1.0126220685,1.0126220685,27.4681541851,0.2693091896
53.3,1.6941944419,-0.5386612265,0.0850783806,1.0266773475,1.0266773475,27.5645789657,0.2693306133
53.4,1.7005842857,-0.5387060944,0.0851177131,1.0408551509,1.0408551509,27.6619067036,0.2693530472
53.5,1.7070265477,-0.538753021,0.0851581201,1.0551571089,1.0551571089,27.7601511616,0.2693765105
53.6,1.7135218644,-0.5388020456,0.0851996221,1.0695848815,1.0695848815,27.8593264044,0.2694010228
53.7,1.7200708827,-0.538853208,0.0852422399,1.0841401595,1.0841401595,27.9594468071,0.269426604
53.8,1.7266742599,-0.5389065491,0.0852859947,1.0988246649,1.0988246649,28.0605270644,0.2694532746
53.9,1.7333326639,-0.5389621107,0.0853309083,1.1136401518,1.1136401518,28.1625822008,0.2694810554
54,1.7400467736,-0.5390199356,0.0853770031,1.1285884074,1.1285884074,28.26562758,0.2695099678
54.1,1.746817279,-0.5390800673,0.0854243019,1.1436712528,1.1436712528,28.369678916,0.2695400337
54.2,1.7536448815,-0.5391425508,0.085472828,1.1588905436,1.1588905436,28.4747522835,0.2695712754
54.3,1.7605302942,-0.5392074317,0.0855226055,1.174248171,1.174248171,28.5808641294,0.2696037158
54.4,1.767474242,-0.5392747569,0.0855736589,1.1897460627,1.1897460627,28.6880312846,0.2696373784
54.5,1.774477462,-0.5393445743,0.0856260133,1.205386184,1.205386184,28.796270976,0.2696722871
54.6,1.7815407037,-0.539416933,0.0856796944,1.2211705385,1.2211705385,28.9056008398,0.2697084665
54.7,1.7886647292,-0.5394918832,0.0857347286,1.2371011692,1.2371011692,29.016038934,0.2697459416
54.8,1.7958503139,-0.5395694764,0.0857911429,1.2531801597,1.2531801597,29.1276037531,0.2697847382
54.9,1.8030982462,-0.5396497653,0.0858489651,1.269409635,1.269409635,29.2403142418,0.2698248826
55,1.8104093282,-0.5397328036,0.0859082235,1.285791763,1.285791763,29.3541898105,0.2698664018
55.1,1.8177843761,-0.5398186469,0.0859689472,1.3023287553,1.3023287553,29.4692503509,0.2699093234
55.2,1.8252242202,-0.5399073515,0.0860311661,1.3190228685,1.3190228685,29.5855162523,0.2699536758
55.3,1.8327297053,-0.5399989756,0.0860949108,1.3358764054,1.3358764054,29.703008419,0.2699994878
55.4,1.8403016914,-0.5400935785,0.0861602126,1.3528917163,1.3528917163,29.8217482876,0.2700467892
55.5,1.8479410536,-0.5401912211,0.0862271038,1.3700712003,1.3700712003,29.9417578463,0.2700956106
55.6,1.855648683,-0.540291966,0.0862956175,1.3874173065,1.3874173065,30.0630596544,0.270145983
55.7,1.8634254865,-0.5403958771,0.0863657874,1.4049325356,1.4049325356,30.1856768621,0.2701979385
55.8,1.8712723876,-0.5405030199,0.0864376485,1.4226194408,1.4226194408,30.3096332327,0.27025151
55.9,1.8791903269,-0.540613462,0.0865112363,1.4404806301,1.4404806301,30.4349531644,0.270306731
56,1.8871802621,-0.5407272722,0.0865865877,1.4585187668,1.4585187668,30.5616617142,0.2703636361
56.1,1.8952431689,-0.5408445214,0.0866637402,1.4767365717,1.4767365717,30.6897846219,0.2704222607
56.2,1.9033800413,-0.5409652823,0.0867427325,1.4951368244,1.4951368244,30.8193483366,0.2704826411
56.3,1.911591892,-0.5410896294,0.0868236043,1.5137223649,1.5137223649,30.9503800431,0.2705448147
56.4,1.9198797531,-0.5412176394,0.0869063965,1.5324960952,1.5324960952,31.0829076906,0.2706088197
56.5,1.9282446765,-0.5413493908,0.086991151,1.5514609809,1.5514609809,31.2169600224,0.2706746954
56.6,1.9366877345,-0.5414849643,0.0870779108,1.570620053,1.570620053,31.3525666072,0.2707424822
56.7,1.9452100204,-0.5416244429,0.0871667204,1.5899764097,1.5899764097,31.489757872,0.2708122214
56.8,1.9538126491,-0.5417679115,0.0872576253,1.6095332178,1.6095332178,31.6285651367,0.2708839558
56.9,1.9624967576,-0.5419154578,0.0873506724,1.6292937146,1.6292937146,31.7690206504,0.2709577289
57,1.9712635059,-0.5420671717,0.0874459098,1.6492612098,1.6492612098,31.9111576299,0.2710335858
57.1,1.9801140774,-0.5422231454,0.0875433872,1.6694390872,1.6694390872,32.0550103002,0.2711115727
57.2,1.9890496799,-0.5423834742,0.0876431557,1.6898308063,1.6898308063,32.2006139366,0.2711917371
57.3,1.9980715463,-0.5425482555,0.0877452677,1.7104399042,1.7104399042,32.3480049101,0.2712741278
57.4,2.007180935,-0.5427175901,0.0878497775,1.7312699976,1.7312699976,32.4972207348,0.271358795
57.5,2.0163791314,-0.5428915812,0.0879567407,1.752324784,1.752324784,32.6483001175,0.2714457906
57.6,2.0256674481,-0.5430703353,0.0880662147,1.7736080438,1.7736080438,32.8012830114,0.2715351677
57.7,2.0350472263,-0.543253962,0.0881782588,1.795123642,1.795123642,32.9562106712,0.271626981
57.8,2.0445198364,-0.5434425739,0.0882929339,1.8168755294,1.8168755294,33.1131257133,0.271721287
57.9,2.0540866793,-0.5436362875,0.0884103029,1.8388677445,1.8388677445,33.2720721778,0.2718181437
58,2.0637491871,-0.5438352222,0.0885304306,1.8611044146,1.8611044146,33.4330955954,0.2719176111
58.1,2.0735088246,-0.5440395015,0.088653384,1.8835897574,1.8835897574,33.596243058,0.2720197508
58.2,2.0833670901,-0.5442492526,0.088779232,1.9063280819,1.9063280819,33.7615632935,0.2721246263
58.3,2.0933255169,-0.5444646067,0.088908046,1.9293237893,1.9293237893,33.9291067455,0.2722323033
58.4,2.1033856743,-0.544685699,0.0890398995,1.9525813741,1.9525813741,34.098925658,0.2723428495
58.5,2.1135491694,-0.5449126691,0.0891748686,1.9761054244,1.9761054244,34.2710741654,0.2724563345
58.6,2.1238176479,-0.5451456612,0.0893130318,1.9999006221,1.9999006221,34.4456083882,0.2725728306
58.7,2.1341927962,-0.5453848243,0.0894544704,2.0239717429,2.0239717429,34.6225865361,0.2726924121
58.8,2.1446763429,-0.545630312,0.0895992683,2.048323656,2.048323656,34.8020690162,0.272815156
58.9,2.1552700601,-0.5458822834,0.0897475124,2.072961323,2.072961323,34.9841185504,0.2729411417
59,2.1659757656,-0.5461409028,0.0898992928,2.0978897967,2.0978897967,35.1688002995,0.2730704514
59.1,2.1767953248,-0.5464063403,0.0900547024,2.1231142193,2.1231142193,35.3561819971,0.2732031701
59.2,2.1877306523,-0.5466787719,0.0902138379,2.1486398198,2.1486398198,35.5463340919,0.2733393859
59.3,2.1987837145,-0.5469583799,0.0903767992,2.1744719108,2.1744719108,35.7393299018,0.2734791899
59.4,2.2099565319,-0.547245353,0.09054369,2.2006158849,2.2006158849,35.9352457777,0.2736226765
59.5,2.221251181,-0.5475398871,0.0907146179,2.2270772093,2.2270772093,36.1341612808,0.2737699436
59.6,2.2326697975,-0.5478421852,0.0908896947,2.2538614207,2.2538614207,36.3361593729,0.2739210926
59.7,2.2442145785,-0.548152458,0.0910690364,2.2809741183,2.2809741183,36.5413266211,0.274076229
59.8,2.2558877859,-0.5484709243,0.0912527636,2.3084209557,2.3084209557,36.7497534195,0.2742354621
59.9,2.2676917493,-0.5487978115,0.0914410016,2.3362076316,2.3362076316,36.9615342275,0.2743989057
60,2.2796288691,-0.549133356,0.0916338811,2.3643398797,2.3643398797,37.1767678284,0.274566678
60.1,2.2917016206,-0.5494778041,0.0918315379,2.3928234558,2.3928234558,37.395557609,0.274738902
60.2,2.3039125575,-0.5498314119,0.0920341139,2.4216641245,2.4216641245,37.6180118627,0.2749157059
60.3,2.3162649607,-0.5501930227,0.0922410207,2.4647810109,2.4647810109,37.8434907638,0.2750965113
60.4,2.3287615164,-0.5505630038,0.0924524574,2.4945500499,2.4945500499,38.0732411436,0.2752815019
60.5,2.3414044793,-0.5509428717,0.0926692179,2.5246684597,2.5246684597,38.306993268,0.2754714359
60.6,2.3541967527,-0.5513329318,0.0928914713,2.5551383776,2.5551383776,38.5448781848,0.2756664659
60.7,2.3671413403,-0.5517335041,0.0931193947,2.5859615634,2.5859615634,38.7870338994,0.2758667521
60.8,2.380241352,-0.5521449247,0.0933531744,2.6171393591,2.6171393591,39.0336059047,0.2760724624
60.9,2.3935000105,-0.552567547,0.0935930062,2.6486726489,2.6486726489,39.284747762,0.2762837735
61,2.4069206576,-0.5530017427,0.0938390961,2.6805618172,2.6805618172,39.5406217417,0.2765008713
61.1,2.4205067616,-0.5534479038,0.0940916615,2.7128067079,2.7128067079,39.8013995295,0.2767239519
61.2,2.4342619253,-0.553906444,0.0943509317,2.7454065839,2.7454065839,40.067263006,0.276953222
61.3,2.4481898948,-0.5543778003,0.094617149,2.7783600896,2.7783600896,40.338405111,0.2771889001
61.4,2.462294569,-0.5548624353,0.0948905701,2.8116652168,2.8116652168,40.6150308011,0.2774312177
61.5,2.4765800096,-0.5553608395,0.0951714669,2.8453192774,2.8453192774,40.8973581147,0.2776804197
61.6,2.4910504532,-0.5558735333,0.0954601281,2.879318885,2.879318885,41.1856193572,0.2779367666
61.7,2.5057103233,-0.5564010701,0.0957568605,2.9136599479,2.9136599479,41.480062424,0.2782005351
61.8,2.5205642447,-0.5569440395,0.096061991,2.9483376807,2.9483376807,41.7809522801,0.2784720197
61.9,2.5356170584,-0.55750307,0.0963758682,2.9833466368,2.9833466368,42.0885726177,0.278751535
62,2.5508738395,-0.5580788336,0.0966988645,3.0186807713,3.0186807713,42.4032277173,0.2790394168
62.1,2.5663399156,-0.5586720494,0.0970313783,3.0543335424,3.0543335424,42.7252445433,0.2793360247
62.2,2.5820208887,-0.5592834884,0.0973738371,3.0902980614,3.0902980614,43.0549751057,0.2796417442
62.3,2.5979226591,-0.5599139791,0.0977266995,3.126567308,3.126567308,43.3927991312,0.2799569895
62.4,2.6140514522,-0.5605644127,0.0980904592,3.1631344251,3.1631344251,43.7391270863,0.2802822064
62.5,2.6304138496,-0.5612357504,0.0984656482,3.1999931183,3.1999931183,44.0944036103,0.2806178752
62.6,2.6470168231,-0.5619290298,0.0988528408,3.2371381852,3.2371381852,44.4591114169,0.2809645149
62.7,2.6638677744,-0.5626453737,0.0992526583,3.2745662107,3.2745662107,44.8337757408,0.2813226869
62.8,2.6809745799,-0.5633859991,0.0996657735,3.31227647,3.31227647,45.2189694102,0.2816929996
62.9,2.698345642,-0.5641522268,0.1000929167,3.3502720939,3.3502720939,45.6153186441,0.2820761134
63,2.7159899474,-0.5649454929,0.1005348818,3.3885615624,3.3885615624,46.0235096836,0.2824727465
63.1,2.733917135,-0.5657673612,0.1009925328,3.4271606087,3.4271606087,46.4442963839,0.2828836806
63.2,2.7521375729,-0.5666195363,0.1014668111,3.4660946364,3.4660946364,46.8785089052,0.2833097681
63.3,2.7706624473,-0.5675038783,0.101958744,3.5054017717,3.5054017717,47.3270636575,0.2837519392
63.4,2.7895038652,-0.5684224187,0.1024694531,3.5451367029,3.5451367029,47.7909746597,0.2842112094
63.5,2.8086749709,-0.5693773763,0.103000163,3.5853754847,3.5853754847,48.2713664769,0.2846886882
63.6,2.8281900803,-0.5703711743,0.103552211,3.6262215149,3.6262215149,48.7694888856,0.2851855872
63.7,2.8480648326,-0.5714064561,0.1041270558,3.66781292,3.66781292,49.2867333779,0.2857032281
63.8,2.8683163611,-0.5724861003,0.1047262855,3.7103315971,3.7103315971,49.8246515394,0.2862430501
63.9,2.888963482,-0.5736132311,0.105351624,3.7540141553,3.7540141553,50.3849752001,0.2868066155
64,2.9100268989,-0.5747912237,0.1060049332,3.7991649401,3.7991649401,50.9696380327,0.2873956118
64.1,2.9315687942,-0.576046492,0.1067004253,3.7998073347,3.7998073347,51.588170257,0.288023246
64.2,2.9535925995,-0.5773672499,0.1074318786,3.8492884889,3.8492884889,52.2362185383,0.2886836249
64.3,2.976118869,-0.5787524601,0.1081988092,3.9032252438,3.9032252438,52.9168062026,0.28937623
64.4,2.9991773343,-0.5802053561,0.1090030185,3.9626426492,3.9626426492,53.6327233287,0.2901026781
64.5,3.0227991614,-0.5817287392,0.1098460728,4.0286926612,4.0286926612,54.3869071696,0.2908643696
64.6,3.047016346,-0.5833247507,0.1107291768,4.1026203333,4.1026203333,55.1823923285,0.2916623754
64.7,3.0718608862,-0.5849946374,0.1116530422,4.1857020236,4.1857020236,56.0222470196,0.2924973187
64.8,3.0973638018,-0.5867385498,0.1126177733,4.2791506174,4.2791506174,56.9095046649,0.2933692749
64.9,3.1235541592,-0.5885554357,0.1136228032,4.3839877383,4.3839877383,57.8471086458,0.2942777179
65,3.1504583695,-0.590443097,0.1146669186,4.5008907969,4.5008907969,58.837896679,0.2952215485
65.1,3.1781001024,-0.5923984724,0.1157484079,4.6300315816,4.6300315816,59.8846566685,0.2961992362
65.2,3.2065011641,-0.5944181756,0.1168653494,3.8009705565,5.7408875165,60.9902849892,0.2972090878
65.3,3.2356836153,-0.5964992753,0.1180160325,3.4959565861,6.3487186388,62.1580712034,0.2982496376
65.4,3.2656732848,-0.5986402688,0.1191994862,3.2873662131,6.8769981433,63.3921260353,0.2993201344
65.5,3.2963411059,-0.6008045528,0.1203956261,3.2343403435,7.4509232222,64.6793225537,0.3004022764
65.6,3.3275929704,-0.6029699019,0.1215921397,3.0891233549,7.9184102653,66.0185860429,0.301484951
65.7,3.3597715882,-0.6052111135,0.1228294206,2.948409493,8.3623503255,67.4443360045,0.3026055567
65.8,3.3930196134,-0.6075520008,0.1241201024,2.8016588818,8.7819529209,68.9751082559,0.3037760004
65.9,3.4275535067,-0.6100289839,0.1254835686,2.6382868787,9.174122832,70.6386011264,0.305014492
66,3.4637178166,-0.6126999581,0.1269506867,2.44530521,9.5344044354,72.4785323617,0.306349979
66.1,3.5021077521,-0.6156645568,0.1285746229,2.203677147,9.8577512393,74.5701961476,0.3078322784
66.2,3.5439047758,-0.6191199739,0.1304606256,1.8799932524,10.1400813098,77.0633098746,0.3095599869
66.3,3.5921708576,-0.6235772385,0.1328813547,1.3986001695,10.3850454494,80.3487537759,0.3117886192
66.4,3.6866743124,-0.6360148165,0.1395568899,1.25401594885943E-007,10.8287904972,89.7754461191,0.3180074082
