0,0.910796157566784,0.16008557160732945,-2.1319841401912325,-2.1319841401912325,2.697078709905916,-2.697078709905916
0.1,0.9049774520434638,0.16191156083434075,-2.143231997971566,-2.143231997971566,-2.715948145065822,2.715948145065822
0.2,0.899234756916483,0.16370921733828625,-2.1546050622253357,-2.1546050622253357,-2.734618234751746,2.734618234751746
0.30000000000000004,0.8935668906166733,0.16547918521665334,-2.1660997882632778,-2.1660997882632778,-2.7530905221602264,2.7530905221602264
0.4,0.8879726764668516,0.1672220921907852,-2.177712728741205,-2.177712728741205,-2.7713665696197993,2.7713665696197993
0.5,0.8824509443059515,0.1689385499010063,-2.1894405315049195,-2.1894405315049195,-2.789447955387709,2.789447955387709
0.6,0.8770005319350483,0.17062915421521346,-2.2012799374018086,-2.2012799374018086,-2.8073362706875384,2.8073362706875384
0.7,0.8716202864001354,0.17229448554818044,-2.213227778070963,-2.213227778070963,-2.8250331169727168,2.8250331169727168
0.7999999999999999,0.8663090651254088,0.1739351091891242,-2.2252809737222154,-2.2252809737222154,-2.8425401034014564,2.8425401034014564
0.8999999999999999,0.861065736909841,0.17555157563536664,-2.2374365309132136,-2.2374365309132136,-2.8598588445095467,2.8598588445095467
0.9999999999999999,0.8558891827988351,0.17714442093017524,-2.24969154033249,-2.24969154033249,-2.876990958068025,2.876990958068025
1.0999999999999999,0.8507782968418921,0.17871416700309492,-2.2620431745955143,-2.2620431745955143,-2.893938063113588,2.893938063113588
1.2,0.845731986746359,0.18026132201129172,-2.274488686059612,-2.274488686059612,-2.9107017781400994,2.9107017781400994
1.3,0.8407491744365579,0.1817863806806107,-2.2870254046629857,-2.2870254046629857,-2.9272837194404002,2.9272837194404002
1.4000000000000001,0.8358287965268654,0.1832898246452234,-2.29965073579222,-2.29965073579222,-2.9436854995881387,2.9436854995881387
1.5000000000000002,0.8309698047166284,0.18477212278488392,-2.3123621581819496,-2.3123621581819496,-2.959908726050027,2.959908726050027
1.6000000000000003,0.8261711661141722,0.1862337315589529,-2.325157221849847,-2.325157221849847,-2.9759549999194133,2.9759549999194133
1.7000000000000004,0.8214318634965724,0.1876750953364661,-2.338033546069539,-2.338033546069539,-2.991825914762788,2.991825914762788
1.8000000000000005,0.8167508955113153,0.18909664672163254,-2.3509888173834845,-2.3509888173834845,-3.007523055571164,3.007523055571164
1.9000000000000006,0.8121272768254716,0.1904988068742446,-2.3640207876576023,-2.3640207876576023,-3.023047997808953,3.023047997808953
2.0000000000000004,0.8075600382275379,0.1918819858245664,-2.3771272721788623,-2.3771272721788623,-3.03840230655332,3.03840230655332
2.1000000000000005,0.8030482266866729,0.19324658278234486,-2.3903061477969105,-2.3903061477969105,-3.053587535717533,3.053587535717533
2.2000000000000006,0.7985909053736603,0.1945929864396541,-2.403555351110364,-2.403555351110364,-3.0686052273521893,3.0686052273521893
2.3000000000000007,0.7941871536475511,0.19592157526734374,-2.4168728766982204,-2.4168728766982204,-3.0834569110186014,3.0834569110186014
2.400000000000001,0.789836067011622,0.19723271780491708,-2.4302567753966553,-2.4302567753966553,-3.0981441032291044,3.0981441032291044
2.500000000000001,0.7855367570419493,0.19852677294370666,-2.4437051526211118,-2.4437051526211118,-3.112668306949232,3.112668306949232
2.600000000000001,0.7812883512916301,0.19980409020326353,-2.457216166733681,-2.457216166733681,-3.127031011157212,3.127031011157212
2.700000000000001,0.7770899931734094,0.20106501000090302,-2.4707880274553222,-2.4707880274553222,-3.1412336904564175,3.1412336904564175
2.800000000000001,0.7729408418232332,0.20230986391439099,-2.484418994322642,-2.484418994322642,-3.155277804736791,3.155277804736791
2.9000000000000012,0.7688400719470181,0.20353897493777456,-2.4981073751886065,-2.4981073751886065,-3.1691647988814826,3.1691647988814826
3.0000000000000013,0.7647868736527337,0.2047526577303887,-2.5118515247666124,-2.5118515247666124,-3.182896102515232,3.182896102515232
3.1000000000000014,0.7607804522696939,0.20595121885909004,-2.5256498432171925,-2.5256498432171925,-3.1964731297912237,3.1964731297912237
3.2000000000000015,0.7568200281567885,0.2071349570337868,-2.5395007747766396,-2.5395007747766396,-3.20989727921343,3.20989727921343
3.3000000000000016,0.7529048365012264,0.20830416333634785,-2.553402806426684,-2.553402806426684,-3.223169933491626,3.223169933491626
3.4000000000000017,0.7490341271092145,0.20945912144298862,-2.5673544666043977,-2.5673544666043977,-3.2362924594264553,3.2362924594264553
3.5000000000000018,0.745207164189865,0.2106001078402403,-2.581354323951439,-2.581354323951439,-3.2492662078221315,3.2492662078221315
3.600000000000002,0.7414232261335016,0.21172739203461857,-2.595400986101698,-2.595400986101698,-3.262092513424526,3.262092513424526
3.700000000000002,0.7376816052854223,0.21284123675611646,-2.6094930985064577,-2.6094930985064577,-3.2747726948825346,3.2747726948825346
3.800000000000002,0.7339816077160743,0.21394189815564846,-2.623629343296045,-2.623629343296045,-3.287308054730771,3.287308054730771
3.900000000000002,0.7303225529885086,0.21502962599658187,-2.637808438177112,-2.637808438177112,-3.2996998793918273,3.2996998793918273
4.000000000000002,0.726703773923884,0.21610466384049168,-2.6520291353645336,-2.6520291353645336,-3.3119494391963658,3.3119494391963658
4.100000000000001,0.723124616365727,0.21716724922727873,-2.666290220546955,-2.666290220546955,-3.324057988419518,3.324057988419518
4.200000000000001,0.7195844389435678,0.2182176138497934,-2.680590511885111,-2.680590511885111,-3.3360267653321487,3.3360267653321487
4.300000000000001,0.7160826128365217,0.2192559837231061,-2.69492885904187,-2.69492885904187,-3.347856992265621,3.347856992265621
4.4,0.7126185215373134,0.2202825793485688,-2.7093041422431905,-2.7093041422431905,-3.359549875688875,3.359549875688875
4.5,0.7091915606171959,0.22129761587280758,-2.7237152713689436,-2.7237152713689436,-3.3711066062965958,3.3711066062965958
4.6,0.7058011374921598,0.2223013032417906,-2.7381611850728236,-2.7381611850728236,-3.382528359107469,3.382528359107469
4.699999999999999,0.702446671190789,0.2232938463501092,-2.7526408499303523,-2.7526408499303523,-3.393816293571504,3.393816293571504
4.799999999999999,0.6991275921240735,0.22427544518561165,-2.767153259614149,-2.767153259614149,-3.4049715536855096,3.4049715536855096
4.899999999999999,0.6958433418574552,0.22524629496952797,-2.781697434095651,-2.781697434095651,-3.415995268115897,3.415995268115897
4.999999999999998,0.6925933728853474,0.22620658629221713,-2.7962724188723582,-2.7962724188723582,-3.4268885503280067,3.4268885503280067
5.099999999999998,0.6893771484083354,0.22715650524467212,-2.810877284219853,-2.810877284219853,-3.437652498721231,3.437652498721231
5.1999999999999975,0.6861941421132465,0.22809623354591063,-2.825511124467816,-2.825511124467816,-3.4482881967693126,3.4482881967693126
5.299999999999997,0.6830438379562335,0.22902594866637924,-2.8401730572991655,-2.8401730572991655,-3.458796713165097,3.458796713165097
5.399999999999997,0.6799257299490191,0.22994582394749513,-2.8548622230717022,-2.8548622230717022,-3.4691791019693032,3.4691791019693032
5.4999999999999964,0.6768393219484004,0.23085602871744648,-2.8695777841613967,-2.8695777841613967,-3.4794364027626563,3.4794364027626563
5.599999999999996,0.6737841274491133,0.23175672840337003,-2.8843189243266805,-2.8843189243266805,-3.48956964080099,3.48956964080099
5.699999999999996,0.6707596693801317,0.23264808464002124,-2.8990848480930325,-2.8990848480930325,-3.499579827172804,3.499579827172804
5.799999999999995,0.6677654799044571,0.23353025537505015,-2.913874780157208,-2.913874780157208,-3.509467958958931,3.509467958958931
5.899999999999995,0.6648011002224509,0.23440339497099033,-2.928687964810374,-2.928687964810374,-3.5192350193938426,3.5192350193938426
5.999999999999995,0.6618660803787377,0.235267654304069,-2.9435236653796286,-2.9435236653796286,-3.528881978028332,3.528881978028332
6.099999999999994,0.6589599790727051,0.2361231808599413,-2.9583811636872492,-2.9583811636872492,-3.538409790893215,3.538409790893215
6.199999999999994,0.6560823634726083,0.2369701188264476,-2.973259759527018,-2.973259759527018,-3.5478194006637223,3.5478194006637223
6.299999999999994,0.6532328090332854,0.2378086091834935,-2.9881587701571517,-2.9881587701571517,-3.5571117368243725,3.5571117368243725
6.399999999999993,0.6504108993174766,0.23863878979014447,-3.003077529809212,-3.003077529809212,-3.566287715834029,3.566287715834029
6.499999999999993,0.6476162258207343,0.2394607954690275,-3.018015389212438,-3.018015389212438,-3.5753482412909223,3.5753482412909223
6.5999999999999925,0.6448483877999055,0.24027475808812973,-3.0329717151331055,-3.0329717151331055,-3.5842942040974815,3.5842942040974815
6.699999999999992,0.6421069921051596,0.2410808066400777,-3.047945889928234,-3.047945889928234,-3.5931264826246823,3.5931264826246823
6.799999999999992,0.639391653015536,0.24187906731898093,-3.062937311113279,-3.062937311113279,-3.6018459428758174,3.6018459428758174
6.8999999999999915,0.6367019920779723,0.24266966359492168,-3.0779453909433236,-3.0779453909433236,-3.610453438649549,3.610453438649549
6.999999999999991,0.6340376379497744,0.24345271628616694,-3.0929695560072434,-3.0929695560072434,-3.618949811701971,3.618949811701971
7.099999999999991,0.6313982262444945,0.24422834362917886,-3.1080092468345404,-3.1080092468345404,-3.6273358919077556,3.6273358919077556
7.19999999999999,0.6287833993811592,0.24499666134649636,-3.1230639175142505,-3.1230639175142505,-3.6356124974200448,3.6356124974200448
7.29999999999999,0.6261928064368139,0.2457577827125574,-3.1381330353256613,-3.1381330353256613,-3.6437804348291505,3.6437804348291505
7.39999999999999,0.623626103002323,0.2465118186175319,-3.153216080380375,-3.153216080380375,-3.6518404993198748,3.6518404993198748
7.499999999999989,0.6210829510413831,0.2472588776292289,-3.168312545275365,-3.168312545275365,-3.659793474827423,3.659793474827423
7.599999999999989,0.6185630187526892,0.247999066053143,-3.1834219347566046,-3.1834219347566046,-3.667640134191755,3.667640134191755
7.699999999999989,0.6160659804352056,0.24873248799070086,-3.1985437653930027,-3.1985437653930027,-3.675381239310406,3.675381239310406
7.799999999999988,0.6135915163564832,0.249459245395767,-3.2136775652602045,-3.2136775652602045,-3.6830175412896264,3.6830175412896264
7.899999999999988,0.6111393126239678,0.2501794381294668,-3.228822873634001,-3.228822873634001,-3.6905497805938334,3.6905497805938334
7.999999999999988,0.6087090610592447,0.25089316401338146,-3.24397924069301,-3.24397924069301,-3.697978687193344,3.697978687193344
8.099999999999987,0.6063004590751608,0.25160051888116824,-3.2591462272302674,-3.2591462272302674,-3.705304980710283,3.705304980710283
8.199999999999987,0.6039132095557695,0.2523015966286582,-3.2743234043735363,-3.2743234043735363,-3.7125293705627054,3.7125293705627054
8.299999999999986,0.6015470207390391,0.25299648926248114,-3.2895103533139327,-3.2895103533139327,-3.7196525561068543,3.7196525561068543
8.399999999999986,0.5992016061022692,0.25368528694726517,-3.3047066650426684,-3.3047066650426684,-3.7266752267775365,3.7266752267775365
8.499999999999986,0.5968766842501598,0.25436807805145867,-3.3199119400956434,-3.3199119400956434,-3.733598062226644,3.733598062226644
8.599999999999985,0.5945719788054731,0.25504494919181747,-3.3351257883055334,-3.3351257883055334,-3.7404217324596845,3.7404217324596845
8.699999999999985,0.5922872183022363,0.2557159852766035,-3.350347828561309,-3.350347828561309,-3.747146897970502,3.747146897970502
8.799999999999985,0.5900221360814266,0.2563812695475335,-3.3655776885747093,-3.3655776885747093,-3.7537742098739453,3.7537742098739453
8.899999999999984,0.5877764701890859,0.25704088362052063,-3.380815004653675,-3.380815004653675,-3.7603043100366875,3.7603043100366875
8.999999999999984,0.5855499632768086,0.2576949075252466,-3.3960594214823216,-3.3960594214823216,-3.766737831206047,3.766737831206047
9.099999999999984,0.5833423625045522,0.2583434197436025,-3.411310591907389,-3.411310591907389,-3.773075397136897,3.773075397136897
9.199999999999983,0.5811534194457136,0.25898649724703476,-3.426568176730844,-3.426568176730844,-3.7793176227166287,3.7793176227166287
9.299999999999983,0.5789828899944236,0.25962421553283044,-3.4418318445084983,-3.4418318445084983,-3.785465114088153,3.785465114088153
9.399999999999983,0.5768305342750044,0.2602566486593771,-3.457101271354462,-3.457101271354462,-3.791518468771009,3.791518468771009
9.499999999999982,0.5746961165535412,0.2608838692804286,-3.472376140751166,-3.472376140751166,-3.797478275780512,3.797478275780512
9.599999999999982,0.5725794051515203,0.2615059486784095,-3.48765614336486,-3.48765614336486,-3.8033451157450213,3.8033451157450213
9.699999999999982,0.570480172361481,0.26212295679678727,-3.5029409768663746,-3.5029409768663746,-3.8091195610212796,3.8091195610212796
9.799999999999981,0.5683981943646357,0.2627349622715437,-3.5182303457569697,-3.5182303457569697,-3.814802175807875,3.814802175807875
9.89999999999998,0.5663332511504122,0.26334203246177135,-3.5335239611991076,-3.5335239611991076,-3.82039351625681,3.82039351625681
9.99999999999998,0.5642851264378709,0.26394423347942486,-3.54882154085204,-3.54882154085204,-3.825894130583246,3.825894130583246
10.09999999999998,0.5622536075989504,0.2645416302182524,-3.5641228087119865,-3.5641228087119865,-3.8313045591733483,3.8313045591733483
10.19999999999998,0.5602384855835002,0.26513428638193276,-3.579427494956828,-3.579427494956828,-3.836625334690351,3.836625334690351
10.29999999999998,0.5582395548460563,0.2657222645114436,-3.594735335795092,-3.594735335795092,-3.8418569821787707,3.8418569821787707
10.399999999999979,0.5562566132743152,0.26630562601168384,-3.610046073319203,-3.610046073319203,-3.8470000191668454,3.8470000191668454
10.499999999999979,0.5542894621192683,0.26688443117737437,-3.62535945536275,-3.62535945536275,-3.852054955767211,3.852054955767211
10.599999999999978,0.5523379059269539,0.2674587392182577,-3.640675235361737,-3.640675235361737,-3.857022294775781,3.857022294775781
10.699999999999978,0.5504017524717869,0.26802860828362024,-3.6559931722196533,-3.6559931722196533,-3.8619025317689206,3.8619025317689206
10.799999999999978,0.5484808126914297,0.2685940954861559,-3.6713130301762167,-3.6713130301762167,-3.8666961551988988,3.8666961551988988
10.899999999999977,0.5465749006231643,0.2691552569251928,-3.6866345786797647,-3.6866345786797647,-3.871403646487644,3.871403646487644
10.999999999999977,0.5446838333417293,0.2697121477093011,-3.701957592263044,-3.701957592263044,-3.8760254801187983,3.8760254801187983
11.099999999999977,0.5428074308985869,0.2702648219783018,-3.717281850422461,-3.717281850422461,-3.8805621237281622,3.8805621237281622
11.199999999999976,0.5409455162625814,0.27081333292469495,-3.7326071375005503,-3.7326071375005503,-3.885014038192469,3.885014038192469
11.299999999999976,0.5390979152619595,0.27135773281452236,-3.7479332425716128,-3.7479332425716128,-3.8893816777165395,3.8893816777165395
11.399999999999975,0.5372644565277147,0.2718980730076855,-3.7632599593304588,-3.7632599593304588,-3.8936654899188965,3.8936654899188965
11.499999999999975,0.535444971438225,0.27243440397773133,-3.7785870859840847,-3.7785870859840847,-3.8978659159157325,3.8978659159157325
11.599999999999975,0.5336392940651508,0.2729667753311253,-3.793914425146304,-3.793914425146304,-3.901983390403389,3.901983390403389
11.699999999999974,0.531847261120564,0.2734952358260233,-3.8092417837351342,-3.8092417837351342,-3.9060183417392866,3.9060183417392866
11.799999999999974,0.530068711905276,0.2740198333905604,-3.824568972872873,-3.824568972872873,-3.9099711920213225,3.9099711920213225
11.899999999999974,0.5283034882583333,0.27454061514066963,-3.8398958077889405,-3.8398958077889405,-3.913842357165815,3.913842357165815
11.999999999999973,0.5265514345076573,0.27505762739744316,-3.8552221077251065,-3.8552221077251065,-3.917632246983975,3.917632246983975
12.099999999999973,0.5248123974217933,0.27557091570405245,-3.8705476958433573,-3.8705476958433573,-3.9213412652569084,3.9213412652569084
12.199999999999973,0.5230862261627469,0.2760805248422372,-3.8858723991360664,-3.8858723991360664,-3.9249698098092245,3.9249698098092245
12.299999999999972,0.5213727722398773,0.27658649884837766,-3.9011960483385764,-3.9011960483385764,-3.9285182725812215,3.9285182725812215
12.399999999999972,0.5196718894648226,0.27708888102916107,-3.9165184778439626,-3.9165184778439626,-3.9319870396996683,3.9319870396996683
12.499999999999972,0.5179834339074323,0.2775877139768558,-3.9318395256201266,-3.9318395256201266,-3.9353764915472755,3.9353764915472755
12.599999999999971,0.5163072638526819,0.27808303958420205,-3.947159033128905,-3.947159033128905,-3.9386870028307683,3.9386870028307683
12.69999999999997,0.5146432397585442,0.27857489905893257,-3.9624768452473322,-3.9624768452473322,-3.941918942647663,3.941918942647663
12.79999999999997,0.5129912242147947,0.2790633329379323,-3.9777928101908993,-3.9777928101908993,-3.9450726745517275,3.9450726745517275
12.89999999999997,0.5113510819027288,0.27954838110104746,-3.993106779438718,-3.993106779438718,-3.948148556617136,3.948148556617136
12.99999999999997,0.5097226795557673,0.2800300827845563,-4.008418607660722,-4.008418607660722,-3.9511469415014058,3.9511469415014058
13.09999999999997,0.5081058859209288,0.2805084765943067,-4.023728152646552,-4.023728152646552,-3.9540681765070285,3.9540681765070285
13.199999999999969,0.5065005717211475,0.28098360051853477,-4.039035275236348,-4.039035275236348,-3.9569126036419,3.9569126036419
13.299999999999969,0.5049066096184173,0.28145549194037,-4.054339839253245,-4.054339839253245,-3.9596805596785307,3.9596805596785307
13.399999999999968,0.5033238741777385,0.2819241876500378,-4.069641711437548,-4.069641711437548,-3.962372376212042,3.962372376212042
13.499999999999968,0.5017522418318522,0.282389723856767,-4.084940761382594,-4.084940761382594,-3.9649883797170298,3.9649883797170298
13.599999999999968,0.5001915908467386,0.28285213620041016,-4.10023686147216,-4.10023686147216,-3.967528891603189,3.967528891603189
13.699999999999967,0.4986418012878647,0.283311459762786,-4.115529886819478,-4.115529886819478,-3.96999422826988,3.96999422826988
13.799999999999967,0.49710275498715994,0.28376772907875036,-4.130819715207708,-4.130819715207708,-3.972384701159492,3.972384701159492
13.899999999999967,0.49557433551070434,0.284220978147004,-4.14610622703195,-4.14610622703195,-3.974700616809747,3.974700616809747
13.999999999999966,0.4940564281271099,0.28467124044064357,-4.1613893052425635,-4.1613893052425635,-3.976942276904857,3.976942276904857
14.099999999999966,0.49254891977658205,0.2851185489174643,-4.176668835290018,-4.176668835290018,-3.979109978325652,3.979109978325652
14.199999999999966,0.49105169904063944,0.28556293603001937,-4.191944705070986,-4.191944705070986,-3.981204013198594,3.981204013198594
14.299999999999965,0.4895646561124816,0.286004433735444,-4.207216804875792,-4.207216804875792,-3.9832246689437736,3.9832246689437736
14.399999999999965,0.4880876827679853,0.28644307350505,-4.222485027337141,-4.222485027337141,-3.985172228321841,3.985172228321841
14.499999999999964,0.4866206723373157,0.28687888633369696,-4.237749267380035,-4.237749267380035,-3.9870469694799295,3.9870469694799295
14.599999999999964,0.4851635196771388,0.2873119027489465,-4.25300942217298,-4.25300942217298,-3.9888491659965806,3.9888491659965806
14.699999999999964,0.4837161211434179,0.2877421528200051,-4.268265391080305,-4.268265391080305,-3.9905790869256372,3.9905790869256372
14.799999999999963,0.48227837456478384,0.28816966616646045,-4.283517075615608,-4.283517075615608,-3.9922369968391918,3.9922369968391918
14.899999999999963,0.48085017921646167,0.28859447196681925,-4.298764379396399,-4.298764379396399,-3.9938231558695394,3.9938231558695394
14.999999999999963,0.4794314357947438,0.2890165989668483,-4.314007208099733,-4.314007208099733,-3.99533781975019,3.99533781975019
15.099999999999962,0.47802204639199414,0.2894360754877268,-4.32924546941892,-4.32924546941892,-3.9967812398559226,3.9967812398559226
15.199999999999962,0.47662191447217306,0.28985292943401364,-4.344479073021292,-4.344479073021292,-3.9981536632419035,3.9981536632419035
15.299999999999962,0.4752309448468682,0.2902671883014351,-4.359707930506948,-4.359707930506948,-3.999455332681925,3.999455332681925
15.399999999999961,0.4738490436518214,0.29067887918449653,-4.374931955368397,-4.374931955368397,-4.000686486705651,4.000686486705651
15.499999999999961,0.4724761183239397,0.2910880287839246,-4.390151062951306,-4.390151062951306,-4.001847359635054,4.001847359635054
15.59999999999996,0.47111207757877815,0.2914946634139422,-4.4053651704159975,-4.4053651704159975,-4.002938181619907,4.002938181619907
15.69999999999996,0.4697568313884839,0.2918988090093824,-4.420574196699936,-4.420574196699936,-4.0039591786724165,4.0039591786724165
15.79999999999996,0.46841029096019166,0.2923004911326441,-4.4357780624810506,-4.4357780624810506,-4.004910572700978,4.004910572700978
15.89999999999996,0.4670723687148587,0.2926997349804944,-4.450976690141951,-4.450976690141951,-4.005792581543094,4.005792581543094
15.99999999999996,0.4657429782665301,0.29309656539072093,-4.46617000373489,-4.46617000373489,-4.0066054189974265,4.0066054189974265
16.09999999999996,0.46442203440202323,0.29349100684863894,-4.481357928947608,-4.481357928947608,-4.007349294855006,4.007349294855006
16.19999999999996,0.46310945306102425,0.29388308349345543,-4.496540393069919,-4.496540393069919,-4.008024414929635,4.008024414929635
16.29999999999996,0.4618051513165831,0.29427281912449554,-4.511717324961062,-4.511717324961062,-4.00863098108744,4.00863098108744
16.399999999999963,0.4605090473560024,0.2946602372072931,-4.526888655017828,-4.526888655017828,-4.009169191275637,4.009169191275637
16.499999999999964,0.4592210604621071,0.29504536087955036,-4.542054315143323,-4.542054315143323,-4.009639239550463,4.009639239550463
16.599999999999966,0.45794111099488954,0.2954282129569687,-4.557214238716574,-4.557214238716574,-4.010041316104359,4.010041316104359
16.699999999999967,0.4566691203735191,0.2958088159389549,-4.572368360562727,-4.572368360562727,-4.010375607292296,4.010375607292296
16.79999999999997,0.4554050110587085,0.2961871920142048,-4.587516616923898,-4.587516616923898,-4.01064229565738,4.01064229565738
16.89999999999997,0.45414870653543055,0.2965633630661683,-4.602658945430754,-4.602658945430754,-4.010841559955643,4.010841559955643
16.99999999999997,0.45290013129597423,0.2969373506783985,-4.617795285074668,-4.617795285074668,-4.010973575180088,4.010973575180088
17.099999999999973,0.451659210823335,0.2973091761397875,-4.6329255761805594,-4.6329255761805594,-4.01103851258395,4.01103851258395
17.199999999999974,0.45042587157493114,0.297678860449692,-4.648049760380231,-4.648049760380231,-4.01103653970322,4.01103653970322
17.299999999999976,0.4492000409666383,0.29804642432295053,-4.663167780586406,-4.663167780586406,-4.01096782037841,4.01096782037841
17.399999999999977,0.44798164735713514,0.2984118881947975,-4.678279580967306,-4.678279580967306,-4.010832514775571,4.010832514775571
17.49999999999998,0.44677062003255397,0.29877527222567235,-4.693385106921725,-4.693385106921725,-4.0106307794065685,4.0106307794065685
17.59999999999998,0.4455668891914286,0.29913659630593087,-4.708484305054764,-4.708484305054764,-4.010362767148642,4.010362767148642
17.69999999999998,0.44437038592993316,0.2994958800604577,-4.723577123153996,-4.723577123153996,-4.010028627263203,4.010028627263203
17.799999999999983,0.4431810422274062,0.2998531428531842,-4.7386635101662264,-4.7386635101662264,-4.009628505413929,4.009628505413929
17.899999999999984,0.4419987909321517,0.30020840379151326,-4.7537434161747,-4.7537434161747,-4.009162543684133,4.009162543684133
17.999999999999986,0.44082356574751386,0.3005616817306531,-4.768816792376819,-4.768816792376819,-4.008630880593412,4.008630880593412
18.099999999999987,0.43965530121821617,0.3009129952778637,-4.783883591062407,-4.783883591062407,-4.008033651113566,4.008033651113566
18.19999999999999,0.4384939327169626,0.30126236279661506,-4.798943765592332,-4.798943765592332,-4.007370986683842,4.007370986683842
18.29999999999999,0.43733939643129166,0.30160980241066293,-4.8139972703776746,-4.8139972703776746,-4.0066430152254275,4.0066430152254275
18.39999999999999,0.4361916293506811,0.30195533200804103,-4.829044060859339,-4.829044060859339,-4.00584986115527,4.00584986115527
18.499999999999993,0.4350505692538945,0.30229896924497296,-4.844084093487995,-4.844084093487995,-4.004991645399171,4.004991645399171
18.599999999999994,0.4339161546965677,0.3026407315497062,-4.85911732570465,-4.85911732570465,-4.004068485404192,4.004068485404192
18.699999999999996,0.43278832499902736,0.30298063612626885,-4.874143715921411,-4.874143715921411,-4.003080495150359,4.003080495150359
18.799999999999997,0.4316670202343379,0.3033186999581516,-4.889163223502804,-4.889163223502804,-4.00202778516166,4.00202778516166
18.9,0.43055218121657174,0.30365493981191694,-4.904175808747483,-4.904175808747483,-4.000910462516361,4.000910462516361
19.,0.42944374948929764,0.30398937224073613,-4.91918143287019,-4.91918143287019,-3.999728630856604,3.999728630856604
19.1,0.42834166731428336,0.30432201358785715,-4.9341800579843,-4.9341800579843,-3.9984823903973443,3.9984823903973443
19.200000000000003,0.427245877660406,0.3046528799900042,-4.949171647084555,-4.949171647084555,-3.997171837934536,3.997171837934536
19.300000000000004,0.4261563241927687,0.3049819873807101,-4.964156164030233,-4.964156164030233,-3.995797066852698,3.995797066852698
19.400000000000006,0.42507295126201683,0.3053093514935844,-4.979133573528713,-4.979133573528713,-3.9943581671317094,3.9943581671317094
19.500000000000007,0.4239957038938495,0.3056349878655174,-4.994103841119291,-4.994103841119291,-3.992855225352959,3.992855225352959
19.60000000000001,0.42292452777872486,0.3059589118398219,-5.009066933157369,-5.009066933157369,-3.9912883247047977,3.9912883247047977
19.70000000000001,0.4218593692617507,0.3062811385693144,-5.02402281679902,-5.02402281679902,-3.9896575449872373,3.9896575449872373
19.80000000000001,0.42080017533276187,0.30660168301933716,-5.038971459985826,-5.038971459985826,-3.9879629626160447,3.9879629626160447
19.900000000000013,0.41974689361657475,0.3069205599707213,-5.053912831429973,-5.053912831429973,-3.9862046506260245,3.9862046506260245
20.000000000000014,0.41869947236342026,0.30723778402269447,-5.068846900599786,-5.068846900599786,-3.984382678673702,3.984382678673702
20.100000000000016,0.4176578604395481,0.3075533695957318,-5.083773637705451,-5.083773637705451,-3.9824971130392206,3.9824971130392206
20.200000000000017,0.4166220073180005,0.3078673309343536,-5.098693013685076,-5.098693013685076,-3.9805480166275835,3.9805480166275835
20.30000000000002,0.41559186306955187,0.30817968210986907,-5.113605000191043,-5.113605000191043,-3.9785354489691573,3.9785354489691573
20.40000000000002,0.4145673783538087,0.30849043702306905,-5.128509569576538,-5.128509569576538,-3.976459466219456,3.976459466219456
20.50000000000002,0.41354850441047086,0.30879960940686757,-5.143406694882584,-5.143406694882584,-3.9743201211582377,3.9743201211582377
20.600000000000023,0.41253519305074565,0.3091072128288938,-5.158296349825038,-5.158296349825038,-3.9721174631878324,3.9721174631878324
20.700000000000024,0.4115273966489159,0.30941326069403574,-5.173178508782112,-5.173178508782112,-3.9698515383307975,3.9698515383307975
20.800000000000026,0.4105250681340563,0.3097177662469361,-5.188053146781979,-5.188053146781979,-3.9675223892267772,3.9675223892267772
20.900000000000027,0.409528160981896,0.31002074257444234,-5.202920239490709,-5.202920239490709,-3.965130055128683,3.965130055128683
21.00000000000003,0.40853662920682376,0.3103222026080106,-5.2177797632004035,-5.2177797632004035,-3.962674571898096,3.962674571898096
21.10000000000003,0.4075504273540346,0.3106221591260657,-5.232631694817613,-5.232631694817613,-3.9601559719999266,3.9601559719999266
21.20000000000003,0.40656951049181206,0.3109206247563177,-5.247476011851926,-5.247476011851926,-3.957574284496327,3.957574284496327
21.300000000000033,0.40559383420394624,0.31121761197803566,-5.262312692404874,-5.262312692404874,-3.9549295350398355,3.9549295350398355
21.400000000000034,0.4046233545822831,0.3115131331242798,-5.277141715158909,-5.277141715158909,-3.952221745865756,3.952221745865756
21.500000000000036,0.40365802821940266,0.3118072003840933,-5.291963059366781,-5.291963059366781,-3.949450935783729,3.949450935783729
21.600000000000037,0.4026978122014247,0.3120998258046542,-5.306776704841002,-5.306776704841002,-3.946617120168593,3.946617120168593
21.70000000000004,0.40174266410093745,0.31239102129338747,-5.321582631943539,-5.321582631943539,-3.943720310950361,3.943720310950361
21.80000000000004,0.4007925419700484,0.3126807986200404,-5.336380821575735,-5.336380821575735,-3.9407605166034605,3.9407605166034605
21.90000000000004,0.3998474043335541,0.31296916941871916,-5.351171255168424,-5.351171255168424,-3.9377377421351234,3.9377377421351234
22.000000000000043,0.39890721018222647,0.3132561451898898,-5.365953914672203,-5.365953914672203,-3.934651989072988,3.934651989072988
22.100000000000044,0.3979719189662143,0.31354173730234286,-5.380728782547926,-5.380728782547926,-3.931503255451832,3.931503255451832
22.200000000000045,0.39704149058855603,0.31382595699512333,-5.395495841757427,-5.395495841757427,-3.928291535799488,3.928291535799488
22.300000000000047,0.3961158853988028,0.3141088153794259,-5.41025507575429,-5.41025507575429,-3.925016821121902,3.925016821121902
22.40000000000005,0.3951950641867499,0.31439032344045703,-5.425006468474979,-5.425006468474979,-3.9216790988873282,3.9216790988873282
22.50000000000005,0.3942789881762729,0.3146704920392635,-5.439750004329919,-5.439750004329919,-3.918278353009623,3.918278353009623
22.60000000000005,0.3933676190192678,0.31494933191452973,-5.454485668195037,-5.454485668195037,-3.914814563830663,3.914814563830663
22.700000000000053,0.39246091878969375,0.3152268536843421,-5.4692134454031205,-5.4692134454031205,-3.9112877081018906,3.9112877081018906
22.800000000000054,0.39155884997771373,0.31550306784792403,-5.483933321735675,-5.483933321735675,-3.907697758964889,3.907697758964889
22.900000000000055,0.39066137548393354,0.31577798478733926,-5.498645283414689,-5.498645283414689,-3.904044685931027,3.904044685931027
23.000000000000057,0.3897684586137379,0.3160516147691666,-5.513349317094728,-5.513349317094728,-3.900328454860226,3.900328454860226
23.10000000000006,0.388880063071718,0.31632396794614465,-5.528045409854981,-5.528045409854981,-3.8965490279386663,3.8965490279386663
23.20000000000006,0.3879961529561936,0.3165950543587892,-5.5427335491917615,-5.5427335491917615,-3.8927063636555723,3.8927063636555723
23.30000000000006,0.3871166927538237,0.31686488393698176,-5.5574137230108125,-5.5574137230108125,-3.888800416779002,3.888800416779002
23.400000000000063,0.38624164733430744,0.31713346650153096,-5.572085919619997,-5.572085919619997,-3.8848311383305814,3.8848311383305814
23.500000000000064,0.38537098194517017,0.3174008117657077,-5.586750127722021,-5.586750127722021,-3.8807984755592466,3.8807984755592466
23.600000000000065,0.3845046622066363,0.3176669293367537,-5.601406336407329,-5.601406336407329,-3.8767023719139067,3.8767023719139067
23.700000000000067,0.3836426541065854,0.3179318287173641,-5.616054535147141,-5.616054535147141,-3.8725427670150436,3.8725427670150436
23.800000000000068,0.3827849239955896,0.31819551930714507,-5.630694713786525,-5.630694713786525,-3.8683195966252177,3.8683195966252177
23.90000000000007,0.38193143858203277,0.31845801040404714,-5.6453268625377735,-5.6453268625377735,-3.8640327926184534,3.8640327926184534
24.00000000000007,0.38108216492730773,0.31871931120577385,-5.659950971973759,-5.659950971973759,-3.8596822829484916,3.8596822829484916
24.100000000000072,0.3802370704410917,0.3189794308111665,-5.674567033021447,-5.674567033021447,-3.8552679916158947,3.8552679916158947
24.200000000000074,0.3793961228766968,0.3192383782215663,-5.6891750369555965,-5.6891750369555965,-3.8507898386339092,3.8507898386339092
24.300000000000075,0.3785592903264964,0.3194961623421534,-5.703774975392477,-5.703774975392477,-3.8462477399932085,3.8462477399932085
24.400000000000077,0.37772654121742416,0.319752791983263,-5.718366840283773,-5.718366840283773,-3.841641607625311,3.841641607625311
24.500000000000078,0.3768978443065445,0.32000827586168074,-5.732950623910537,-5.732950623910537,-3.8369713493648057,3.8369713493648057
24.60000000000008,0.37607316867669466,0.32026262260191557,-5.747526318877407,-5.747526318877407,-3.8322368689102304,3.8322368689102304
24.70000000000008,0.3752524837321949,0.3205158407374521,-5.762093918106659,-5.762093918106659,-3.8274380657836704,3.8274380657836704
24.800000000000082,0.3744357591946272,0.32076793871198217,-5.776653414832701,-5.776653414832701,-3.82257483528897,3.82257483528897
24.900000000000084,0.37362296509868104,0.321018924880616,-5.791204802596363,-5.791204802596363,-3.817647068468609,3.817647068468609
25.000000000000085,0.37281407178806397,0.32126880751107356,-5.805748075239469,-5.805748075239469,-3.8126546520591167,3.8126546520591167
25.100000000000087,0.3720090499114765,0.32151759478485686,-5.82028322689951,-5.82028322689951,-3.8075974684450644,3.8075974684450644
25.200000000000088,0.37120787041865083,0.32176529479840227,-5.83481025200429,-5.83481025200429,-3.802475395611573,3.802475395611573
25.30000000000009,0.3704105045564508,0.3220119155642151,-5.849329145266816,-5.849329145266816,-3.7972883070952985,3.7972883070952985
25.40000000000009,0.3696169238650328,0.32225746501198504,-5.863839901680168,-5.863839901680168,-3.792036071933864,3.792036071933864
25.500000000000092,0.3688271001740664,0.32250195098968376,-5.87834251651255,-5.87834251651255,-3.7867185546136746,3.7867185546136746
25.600000000000094,0.36804100559901415,0.32274538126464497,-5.892836985302332,-5.892836985302332,-3.7813356150161406,3.7813356150161406
25.700000000000095,0.36725861253746805,0.32298776352462727,-5.907323303853289,-5.907323303853289,-3.775887108362187,3.775887108362187
25.800000000000097,0.36647989366554345,0.32322910537885935,-5.921801468229873,-5.921801468229873,-3.7703728851550324,3.7703728851550324
25.900000000000098,0.3657048219343275,0.323469414359069,-5.936271474752527,-5.936271474752527,-3.764792791121255,3.764792791121255
26.0000000000001,0.3649333705663832,0.3237086979204958,-5.950733319993155,-5.950733319993155,-3.7591466671499845,3.7591466671499845
26.1000000000001,0.36416551305230616,0.32394696344288715,-5.96518700077066,-5.96518700077066,-3.7534343492302717,3.7534343492302717
26.200000000000102,0.3634012231473343,0.3241842182314793,-5.9796325141465765,-5.9796325141465765,-3.7476556683865114,3.7476556683865114
26.300000000000104,0.3626404748680095,0.324420469517962,-5.994069857420625,-5.994069857420625,-3.741810450611961,3.741810450611961
26.400000000000105,0.361883242488889,0.32465572446142865,-6.0084990281266215,-6.0084990281266215,-3.7358985168001677,3.7358985168001677
26.500000000000107,0.36112950053930815,0.32488999014931147,-6.022920024028273,-6.022920024028273,-3.7299196826743466,3.7299196826743466
26.600000000000108,0.36037922380019066,0.3251232735983011,-6.037332843114986,-6.037332843114986,-3.723873758714667,3.723873758714667
26.70000000000011,0.3596323873009077,0.32535558175525364,-6.051737483598025,-6.051737483598025,-3.7177605500832707,3.7177605500832707
26.80000000000011,0.35888896631618433,0.3255869214980815,-6.066133943906404,-6.066133943906404,-3.7115798565471043,3.7115798565471043
26.900000000000112,0.358148936363052,0.32581729963663164,-6.080522222683092,-6.080522222683092,-3.7053314723983526,3.7053314723983526
27.000000000000114,0.3574122731978469,0.32604672291355036,-6.094902318781223,-6.094902318781223,-3.6990151863725558,3.6990151863725558
27.100000000000115,0.3566789528132529,0.3262751980051336,-6.1092742312602635,-6.1092742312602635,-3.6926307815642168,3.6926307815642168
27.200000000000117,0.355948951435389,0.3265027315221655,-6.123637959382469,-6.123637959382469,-3.686178035339882,3.686178035339882
27.300000000000118,0.3552222455209392,0.32672933001074284,-6.137993502609099,-6.137993502609099,-3.6796567192486163,3.6796567192486163
27.40000000000012,0.3544988117543258,0.32695499995308785,-6.15234086059709,-6.15234086059709,-3.673066598929767,3.673066598929767
27.50000000000012,0.35377862704492413,0.32717974776834785,-6.166680033195369,-6.166680033195369,-3.666407434018004,3.666407434018004
27.600000000000122,0.35306166852431825,0.3274035798133831,-6.181011020441526,-6.181011020441526,-3.659678978045428,3.659678978045428
27.700000000000124,0.3523479135435968,0.3276265023835426,-6.195333822558449,-6.195333822558449,-3.6528809783407867,3.6528809783407867
27.800000000000125,0.3516373396706893,0.327848521713428,-6.209648439950966,-6.209648439950966,-3.6460131759256256,3.6460131759256256
27.900000000000126,0.35092992468774054,0.3280696439776465,-6.22395487320272,-6.22395487320272,-3.6390753054072795,3.6390753054072795
28.000000000000128,0.3502256465885238,0.3282898752915512,-6.238253123072795,-6.238253123072795,-3.6320670948686797,3.6320670948686797
28.10000000000013,0.34952448357589183,0.32850922171197156,-6.252543190492705,-6.252543190492705,-3.6249882657547676,3.6249882657547676
28.20000000000013,0.34882641405926446,0.3287276892379325,-6.266825076563304,-6.266825076563304,-3.6178385327554694,3.6178385327554694
28.300000000000132,0.34813141665215275,0.3289452838113623,-6.2810987825517035,-6.2810987825517035,-3.6106176036851108,3.6106176036851108
28.400000000000134,0.34743947016971916,0.3291620113177906,-6.295364309888356,-6.295364309888356,-3.6033251793581345,3.6033251793581345
28.500000000000135,0.3467505536263728,0.3293778775870356,-6.309621660164041,-6.309621660164041,-3.59596095346105,3.59596095346105
28.600000000000136,0.34606464623339894,0.3295928883938811,-6.323870835127135,-6.323870835127135,-3.588524612420357,3.588524612420357
28.700000000000138,0.3453817273966228,0.32980704945874384,-6.338111836680616,-6.338111836680616,-3.5810158352665273,3.5810158352665273
28.80000000000014,0.34470177671410746,0.3300203664483302,-6.352344666879377,-6.352344666879377,-3.5734342934936874,3.5734342934936874
28.90000000000014,0.34402477397388287,0.33023284497628463,-6.366569327927545,-6.366569327927545,-3.5657796509149393,3.5657796509149393
29.000000000000142,0.3433506991517093,0.3304444906038269,-6.3807858221756915,-6.3807858221756915,-3.5580515635132506,3.5580515635132506
29.100000000000144,0.3426795324088708,0.3306553088403812,-6.394994152118221,-6.394994152118221,-3.550249679287646,3.550249679287646
29.200000000000145,0.3420112540900013,0.33086530514419554,-6.409194320390817,-6.409194320390817,-3.5423736380945403,3.5423736380945403
29.300000000000146,0.3413458447209405,0.33107448492295244,-6.4233863297678955,-6.4233863297678955,-3.534423071484105,3.534423071484105
29.400000000000148,0.34068328500662065,0.3312828535343704,-6.437570183160084,-6.437570183160084,-3.5263976025314783,3.5263976025314783
29.50000000000015,0.34002355582898247,0.33149041628679693,-6.451745883611701,-6.451745883611701,-3.518296845662585,3.518296845662585
29.60000000000015,0.3393666382449211,0.33169717843979263,-6.465913434298432,-6.465913434298432,-3.510120406474375,3.510120406474375
29.700000000000152,0.3387125134842599,0.3319031452047074,-6.480072838524865,-6.480072838524865,-3.501867881549351,3.501867881549351
29.800000000000153,0.3380611629477534,0.33210832174524796,-6.4942240997222385,-6.4942240997222385,-3.493538858264071,3.493538858264071
29.900000000000155,0.3374125682051173,0.33231271317803734,-6.50836722144601,-6.50836722144601,-3.4851329145914787,3.4851329145914787
30.000000000000156,0.33676671099308714,0.3325163245731666,-6.52250220737381,-6.52250220737381,-3.4766496188967912,3.4766496188967912
30.100000000000158,0.336123573213502,0.3327191609547377,-6.53662906130293,-6.53662906130293,-3.4680885297267334,3.4680885297267334
30.20000000000016,0.33548313693141646,0.3329212273014005,-6.550747787148412,-6.550747787148412,-3.459449195591774,3.459449195591774
30.30000000000016,0.33484538437323785,0.33312252854688,-6.564858388940682,-6.564858388940682,-3.45073115474127,3.45073115474127
30.400000000000162,0.3342102979248892,0.3333230695804978,-6.578960870823591,-6.578960870823591,-3.441933934931026,3.441933934931026
30.500000000000163,0.3335778601299973,0.3335228552476852,-6.593055237052276,-6.593055237052276,-3.433057053183133,3.433057053183133
30.600000000000165,0.3329480536881062,0.3337218903504894,-6.607141491991042,-6.607141491991042,-3.4241000155377876,3.4241000155377876
30.700000000000166,0.3323208614529144,0.33392017964807297,-6.621219640111544,-6.621219640111544,-3.4150623167965577,3.4150623167965577
30.800000000000168,0.33169626643053673,0.33411772785720534,-6.635289685990606,-6.635289685990606,-3.405943440257101,3.405943440257101
30.90000000000017,0.3310742517777894,0.3343145396527485,-6.649351634308379,-6.649351634308379,-3.3967428574386958,3.3967428574386958
31.00000000000017,0.3304548008004984,0.33451061966813506,-6.663405489846436,-6.663405489846436,-3.3874600277982756,3.3874600277982756
31.100000000000172,0.32983789695183147,0.33470597249584044,-6.677451257485865,-6.677451257485865,-3.3780943984367386,3.3780943984367386
31.200000000000173,0.329223523830652,0.3349006026878477,-6.69148894220544,-6.69148894220544,-3.3686454037949165,3.3686454037949165
31.300000000000175,0.32861166517989476,0.3350945147561066,-6.705518549079743,-6.705518549079743,-3.3591124653389093,3.3591124653389093
31.400000000000176,0.3280023048849645,0.33528771317298584,-6.719540083277466,-6.719540083277466,-3.3494949912342618,3.3494949912342618
31.500000000000178,0.3273954269721557,0.3354802023717195,-6.733553550059637,-6.733553550059637,-3.3397923760085626,3.3397923760085626
31.60000000000018,0.32679101560709234,0.3356719867468471,-6.747558954777823,-6.747558954777823,-3.3300040002019444,3.3300040002019444
31.70000000000018,0.326189055093191,0.33586307065464743,-6.76155630287248,-6.76155630287248,-3.320129230004986,3.320129230004986
31.800000000000182,0.32558952987014167,0.33605345841356693,-6.775545599871303,-6.775545599871303,-3.3101674168834045,3.3101674168834045
31.900000000000183,0.3249924245124108,0.3362431543046418,-6.789526851387508,-6.789526851387508,-3.3001178971890854,3.3001178971890854
32.000000000000185,0.32439772372776315,0.33643216257191466,-6.803500063118287,-6.803500063118287,-3.2899799917566575,3.2899799917566575
32.100000000000186,0.3238054123558039,0.33662048742284534,-6.817465240843202,-6.817465240843202,-3.2797530054851904,3.2797530054851904
32.20000000000019,0.3232154753665393,0.3368081330287162,-6.831422390422576,-6.831422390422576,-3.269436226904163,3.269436226904163
32.30000000000019,0.3226278978589568,0.33699510352503204,-6.845371517795975,-6.845371517795975,-3.259028927723101,3.259028927723101
32.40000000000019,0.322042665059624,0.3371814030119145,-6.859312628980744,-6.859312628980744,-3.248530362364044,3.248530362364044
32.50000000000019,0.32145976232130524,0.33736703555449127,-6.873245730070454,-6.873245730070454,-3.237939767476162,3.237939767476162
32.60000000000019,0.3208791751215973,0.33755200518327994,-6.88717082723346,-6.88717082723346,-3.227256361431614,3.227256361431614
32.700000000000195,0.3203008890615819,0.33773631589456665,-6.901087926711421,-6.901087926711421,-3.216479343801763,3.216479343801763
32.800000000000196,0.3197248898644967,0.3379199716507804,-6.914997034817986,-6.914997034817986,-3.205607894812852,3.205607894812852
32.9000000000002,0.3191511633744229,0.3381029763808611,-6.928898157937274,-6.928898157937274,-3.194641174780154,3.194641174780154
33.0000000000002,0.31857969555499027,0.3382853339806239,-6.9427913025226005,-6.9427913025226005,-3.183578323519556,3.183578323519556
33.1000000000002,0.31801047248809866,0.338467048313118,-6.956676475095065,-6.956676475095065,-3.1724184597354417,3.1724184597354417
33.2000000000002,0.31744348037265635,0.33864812320898113,-6.970553682242226,-6.970553682242226,-3.161160680383801,3.161160680383801
33.3000000000002,0.31687870552333436,0.33882856246678905,-6.984422930616826,-6.984422930616826,-3.149804060009204,3.149804060009204
33.400000000000205,0.3163161343693369,0.3390083698534007,-6.998284226935544,-6.998284226935544,-3.138347650054435,3.138347650054435
33.500000000000206,0.31575575345318796,0.33918754910429855,-7.0121375779776045,-7.0121375779776045,-3.1267904781414564,3.1267904781414564
33.60000000000021,0.3151975494295322,0.3393661039239247,-7.025982990583644,-7.025982990583644,-3.115131547322005,3.115131547322005
33.70000000000021,0.3146415090639532,0.33954403798601257,-7.039820471654455,-7.039820471654455,-3.103369835296563,3.103369835296563
33.80000000000021,0.31408761923180484,0.3397213549339142,-7.0536500281497565,-7.0536500281497565,-3.0915042935998196,3.0915042935998196
33.90000000000021,0.3135358669170585,0.3398980583809232,-7.067471667087027,-7.067471667087027,-3.079533846751019,3.079533846751019
34.00000000000021,0.31298623921116475,0.34007415191059404,-7.0812853955404025,-7.0812853955404025,-3.0674573913671805,3.0674573913671805
34.100000000000215,0.3124387233119297,0.34024963907705624,-7.0950912206394,-7.0950912206394,-3.0552737952374485,3.0552737952374485
34.200000000000216,0.3118933065224047,0.3404245234053255,-7.10888914956787,-7.10888914956787,-3.0429818963561854,3.0429818963561854
34.30000000000022,0.31134997624979116,0.3405988083916102,-7.122679189562936,-7.122679189562936,-3.0305805019126932,3.0305805019126932
34.40000000000022,0.3108087200043584,0.34077249750361416,-7.136461347913741,-7.136461347913741,-3.018068387235326,3.018068387235326
34.50000000000022,0.31026952539837516,0.34094559418083553,-7.150235631960543,-7.150235631960543,-3.005444294687062,3.005444294687062
34.60000000000022,0.3097323801450547,0.3411181018348619,-7.164002049093582,-7.164002049093582,-2.9927069325102105,2.9927069325102105
34.70000000000022,0.30919727205751346,0.34129002384966145,-7.177760606751994,-7.177760606751994,-2.9798549736171718,2.9798549736171718
34.800000000000225,0.30866418904774157,0.3414613635818707,-7.191511312422896,-7.191511312422896,-2.966887054324033,2.966887054324033
34.900000000000226,0.3081331191255872,0.3416321243610781,-7.205254173640278,-7.205254173640278,-2.9538017730239736,2.9538017730239736
35.00000000000023,0.30760405039775335,0.3418023094901049,-7.21898919798409,-7.21898919798409,-2.940597688796649,2.940597688796649
35.10000000000023,0.30707697106680665,0.34197192224528133,-7.2327163930791665,-7.2327163930791665,-2.92727331995001,2.92727331995001
35.20000000000023,0.30655186943019885,0.34214096587672016,-7.246435766594359,-7.246435766594359,-2.9138271424902547,2.9138271424902547
35.30000000000023,0.30602873387930024,0.3423094436085866,-7.260147326241574,-7.260147326241574,-2.900257588515731,2.900257588515731
35.40000000000023,0.3055075528984448,0.34247735863936474,-7.2738510797748,-7.2738510797748,-2.8865630445300683,2.8865630445300683
35.500000000000234,0.3049883150639873,0.3426447141421206,-7.287547034989245,-7.287547034989245,-2.8727418496695027,2.8727418496695027
35.600000000000236,0.3044710090433722,0.34281151326476195,-7.301235199720434,-7.301235199720434,-2.858792293839009,2.858792293839009
35.70000000000024,0.303955623594213,0.34297775913029477,-7.314915581843186,-7.314915581843186,-2.844712615751564,2.844712615751564
35.80000000000024,0.3034421475633842,0.343143454837077,-7.328588189270994,-7.328588189270994,-2.830501000864003,2.830501000864003
35.90000000000024,0.3029305698861232,0.34330860345906855,-7.342253029954964,-7.342253029954964,-2.8161555792031567,2.8161555792031567
36.00000000000024,0.30242087958514347,0.34347320804607845,-7.35591011188304,-7.35591011188304,-2.8016744230747506,2.8016744230747506
36.10000000000024,0.3019130657697587,0.3436372716240088,-7.3695594430791544,-7.3695594430791544,-2.787055544647365,2.787055544647365
36.200000000000244,0.3014071176350175,0.3438007971950963,-7.383201031602459,-7.383201031602459,-2.772296893402955,2.772296893402955
36.300000000000246,0.30090302446084793,0.34396378773814984,-7.396834885546413,-7.396834885546413,-2.7573963534449772,2.7573963534449772
36.40000000000025,0.30040077561121364,0.3441262462087861,-7.410461013038178,-7.410461013038178,-2.7423517406540125,2.7423517406540125
36.50000000000025,0.2999003605332786,0.3442881755396615,-7.424079422237602,-7.424079422237602,-2.7271607996805427,2.7271607996805427
36.60000000000025,0.29940176875658325,0.34444957864070214,-7.4376901213366775,-7.4376901213366775,-2.7118212007629428,2.7118212007629428
36.70000000000025,0.2989049898922293,0.34461045839932974,-7.451293118558569,-7.451293118558569,-2.696330536358485,2.696330536358485
36.80000000000025,0.29841001363207564,0.34477081768068657,-7.464888422157122,-7.464888422157122,-2.6806863175733784,2.6806863175733784
36.900000000000254,0.29791682974794237,0.3449306593278553,-7.478476040415803,-7.478476040415803,-2.6648859703774344,2.6648859703774344
37.000000000000256,0.2974254280908255,0.34508998616207925,-7.49205598164739,-7.49205598164739,-2.6489268315866368,2.6489268315866368
37.10000000000026,0.2969357985901202,0.34524880098297633,-7.505628254192851,-7.505628254192851,-2.6328061445967275,2.6328061445967275
37.20000000000026,0.29644793125285385,0.3454071065687539,-7.519192866420942,-7.519192866420942,-2.6165210548479747,2.6165210548479747
37.30000000000026,0.2959618161629279,0.3455649056764184,-7.532749826727383,-7.532749826727383,-2.600068605000599,2.600068605000599
37.40000000000026,0.29547744348036814,0.3457222010419843,-7.546299143534235,-7.546299143534235,-2.5834457297976305,2.5834457297976305
37.50000000000026,0.2949948034405851,0.3458789953806792,-7.5598408252892035,-7.5598408252892035,-2.5666492505903786,2.5666492505903786
37.600000000000264,0.2945138863536418,0.34603529138714717,-7.573374880464959,-7.573374880464959,-2.549675869498762,2.549675869498762
37.700000000000266,0.294034682603531,0.34619109173564994,-7.586901317558642,-7.586901317558642,-2.53252216317619,2.53252216317619
37.80000000000027,0.29355718264746056,0.34634639908026466,-7.600420145090997,-7.600420145090997,-2.515184576146271,2.515184576146271
37.90000000000027,0.293081377015147,0.3465012160550803,-7.613931371605898,-7.613931371605898,-2.497659413674047,2.497659413674047
38.00000000000027,0.2926072563081177,0.34665554527439146,-7.627435005669756,-7.627435005669756,-2.479942834131875,2.479942834131875
38.10000000000027,0.29213481119902085,0.3468093893328895,-7.640931055870836,-7.640931055870836,-2.4620308408154172,2.4620308408154172
38.20000000000027,0.2916640324309438,0.3469627508058519,-7.654419530818645,-7.654419530818645,-2.443919273160268,2.443919273160268
38.300000000000274,0.291194910816739,0.3471156322493292,-7.6679004391434855,-7.6679004391434855,-2.425603797304625,2.425603797304625
38.400000000000276,0.2907274372383577,0.34726803620032964,-7.681373789495769,-7.681373789495769,-2.4070798959377218,2.4070798959377218
38.50000000000028,0.2902616026461917,0.3474199651770016,-7.694839590545351,-7.694839590545351,-2.3883428573665793,2.3883428573665793
38.60000000000028,0.2897973980584225,0.3475714216788142,-7.70829785098118,-7.70829785098118,-2.3693877637259018,2.3693877637259018
38.70000000000028,0.2893348145603774,0.34772240818673616,-7.721748579510734,-7.721748579510734,-2.3502094782478875,2.3502094782478875
38.80000000000028,0.28887384330389426,0.34787292716341073,-7.735191784859232,-7.735191784859232,-2.3308026314986923,2.3308026314986923
38.90000000000028,0.2884144755066923,0.3480229810533312,-7.748627475769403,-7.748627475769403,-2.311161606476249,2.311161606476249
39.000000000000284,0.2879567024517507,0.3481725722830122,-7.76205566100074,-7.76205566100074,-2.291280522453076,2.291280522453076
39.100000000000286,0.2875005154866942,0.3483217032611605,-7.775476349329213,-7.775476349329213,-2.271153217431341,2.271153217431341
39.20000000000029,0.28704590602318547,0.3484703763788427,-7.78888954954645,-7.78888954954645,-2.2507732290624167,2.2507732290624167
39.30000000000029,0.28659286553632485,0.3486185940096518,-7.802295270459522,-7.802295270459522,-2.2301337738622613,2.2301337738622613
39.40000000000029,0.2861413855640565,0.34876635850987153,-7.815693520890305,-7.815693520890305,-2.2092277245334406,2.2092277245334406
39.50000000000029,0.2856914577065814,0.3489136722186388,-7.8290843096750695,-7.8290843096750695,-2.1880475851779515,2.1880475851779515
39.60000000000029,0.28524307362577694,0.3490605374581043,-7.842467645663948,-7.842467645663948,-2.1665854641559847,2.1665854641559847
39.700000000000294,0.2847962250446232,0.3492069565335911,-7.8558435377204585,-7.8558435377204585,-2.1448330443109858,2.1448330443109858
39.800000000000296,0.28435090374663563,0.34935293173375187,-7.869211994721093,-7.869211994721093,-2.1227815502415748,2.1227815502415748
39.9000000000003,0.28390710157530374,0.3494984653307241,-7.882573025554855,-7.882573025554855,-2.100421712253808,2.100421712253808
40.0000000000003,0.2834648104335369,0.3496435595802832,-7.895926639122779,-7.895926639122779,-2.0777437265724084,2.0777437265724084
40.1000000000003,0.2830240222831154,0.3497882167219942,-7.909272844337494,-7.909272844337494,-2.0547372113245532,2.0547372113245532
40.2000000000003,0.28258472914414834,0.3499324389793622,-7.922611650122901,-7.922611650122901,-2.031391157733401,2.031391157733401
40.3000000000003,0.28214692309453715,0.3500762285599799,-7.935943065413523,-7.935943065413523,-2.007693875868203,2.007693875868203
40.400000000000304,0.2817105962694455,0.35021958765567474,-7.949267099154316,-7.949267099154316,-1.9836329341882752,1.9836329341882752
40.500000000000306,0.28127574086077445,0.35036251844265354,-7.962583760300114,-7.962583760300114,-1.959195091990759,1.959195091990759
40.60000000000031,0.28084234911664413,0.35050502308164583,-7.975893057815256,-7.975893057815256,-1.9343662237149084,1.9343662237149084
40.70000000000031,0.28041041334088057,0.35064710371804575,-7.989195000673201,-7.989195000673201,-1.909131233869147,1.909131233869147
40.80000000000031,0.2799799258925086,0.35078876248205215,-8.0024895978562,-8.0024895978562,-1.8834739611192777,1.8834739611192777
40.90000000000031,0.27955087918525023,0.3509300014888068,-8.015776858354773,-8.015776858354773,-1.8573770697995438,1.8573770697995438
41.00000000000031,0.27912326568702833,0.3510708228385316,-8.02905679116732,-8.02905679116732,-1.8308219267675638,1.8308219267675638
41.100000000000314,0.27869707791947584,0.3512112286166644,-8.042329405299988,-8.042329405299988,-1.8037884611059631,1.8037884611059631
41.200000000000315,0.27827230845745093,0.3513512208939924,-8.055594709766002,-8.055594709766002,-1.7762550036552167,1.7762550036552167
41.30000000000032,0.2778489499285563,0.3514908017267852,-8.068852713585535,-8.068852713585535,-1.7481981027117974,1.7481981027117974
41.40000000000032,0.277426995012665,0.35162997315692524,-8.082103425785128,-8.082103425785128,-1.7195923114144958,1.7195923114144958
41.50000000000032,0.27700643644145034,0.35176873721203816,-8.095346855397608,-8.095346855397608,-1.6904099413083922,1.6904099413083922
41.60000000000032,0.27658726699792174,0.3519070959056201,-8.108583011461425,-8.108583011461425,-1.6606207752649833,1.6606207752649833
41.70000000000032,0.276169479515965,0.35204505123716523,-8.121811903020628,-8.121811903020628,-1.6301917312436849,1.6301917312436849
41.800000000000324,0.2757530668798879,0.35218260519229067,-8.13503353912431,-8.13503353912431,-1.5990864661915332,1.5990864661915332
41.900000000000325,0.2753380220239708,0.35231975974286056,-8.148247928826352,-8.148247928826352,-1.5672649065045883,1.5672649065045883
42.00000000000033,0.2749243379320215,0.3524565168471089,-8.161455081185114,-8.161455081185114,-1.534682687678818,1.534682687678818
42.10000000000033,0.27451200763693573,0.3525928784497605,-8.174655005263059,-8.174655005263059,-1.5012904806998308,1.5012904806998308
42.20000000000033,0.27410102422026156,0.3527288464821516,-8.187847710126594,-8.187847710126594,-1.4670331758465625,1.4670331758465625
42.30000000000033,0.2736913808117693,0.3528644228623476,-8.201033204845487,-8.201033204845487,-1.431848885164219,1.431848885164219
42.40000000000033,0.273283070589025,0.3529996094952615,-8.214211498492862,-8.214211498492862,-1.395667711758833,1.395667711758833
42.500000000000334,0.2728760867769696,0.3531344082727693,-8.22738260014463,-8.22738260014463,-1.3584102155775937,1.3584102155775937
42.600000000000335,0.27247042264750176,0.3532688210738251,-8.240546518879409,-8.240546518879409,-1.3199854787840697,1.3199854787840697
42.70000000000034,0.27206607151906537,0.353402849764575,-8.253703263778087,-8.253703263778087,-1.2802886350048088,1.2802886350048088
42.80000000000034,0.2716630267562417,0.353536496198469,-8.266852843923658,-8.266852843923658,-1.2391976687284902,1.2391976687284902
42.90000000000034,0.2712612817693456,0.3536697622163728,-8.279995268400857,-8.279995268400857,-1.196569202520354,1.196569202520354
43.00000000000034,0.27086083001402583,0.3538026496466774,-8.293130546295895,-8.293130546295895,-1.1522328507265465,1.1522328507265465
43.10000000000034,0.2704616649908704,0.3539351603054082,-8.306258686696204,-8.306258686696204,-1.105983493856151,1.105983493856151
43.200000000000344,0.2700637802450145,0.3540672959963324,-8.319379698690156,-8.319379698690156,-1.0575704528295287,1.0575704528295287
43.300000000000345,0.26966716936575463,0.3541990585110661,-8.332493591366841,-8.332493591366841,-1.006681891011552,1.006681891011552
43.40000000000035,0.26927182598616517,0.3543304496291789,-8.34560037381571,-8.34560037381571,-0.9529215881989707,0.9529215881989707
43.50000000000035,0.26887774378271945,0.3544614711182991,-8.35870005512649,-8.35870005512649,-0.8957729596506931,0.8957729596506931
43.60000000000035,0.26848491647491507,0.3545921247342162,-8.371792644388742,-8.371792644388742,-0.8345405417094401,0.8345405417094401
43.70000000000035,0.2680933378249031,0.3547224122209832,-8.384878150691687,-8.384878150691687,-0.7682488354551269,0.7682488354551269
43.80000000000035,0.26770300163712024,0.35485233531101795,-8.397956583124063,-8.397956583124063,-0.6954529632953643,0.6954529632953643
43.900000000000354,0.2673139017579266,0.3549818957252026,-8.411027950773732,-8.411027950773732,-0.6138437289930356,0.6138437289930356
44.000000000000355,0.26692603207524523,0.35511109517298295,-8.424092262727573,-8.424092262727573,-0.5192828947720518,0.5192828947720518
44.10000000000036,0.26653938651820697,0.35523993535246595,-8.437149528071089,-8.437149528071089,-0.402749524159357,0.402749524159357
44.20000000000036,0.2661539590567981,0.35536841795051705,-8.450199755888455,-8.450199755888455,-0.2333710279092291,0.2333710279092291
44.30000000000036,0.265769743701512,0.3554965446428554,-8.694716830019907,-8.231769080503955,0,0
44.40000000000036,0.2653867345030042,0.3556243170941494,-8.878670547246223,-8.07388772329774,0,0
44.50000000000036,0.26500492555175115,0.35575173695810985,-9.009455879984994,-7.969160730008612,0,0
44.600000000000364,0.2646243109777124,0.35587880587758364,-9.118352847781082,-7.886308099243624,0,0
44.700000000000365,0.2642448849499964,0.35600552548464487,-9.214422544439687,-7.816268755344028,0,0
44.80000000000037,0.26386664167652946,0.3561318974006863,-9.3018057012127,-7.754901985199056,0,0
44.90000000000037,0.26348957540372836,0.35625792323650923,-9.382806691525964,-7.699903433517804,0,0
45.00000000000037,0.2631136804161761,0.3563836045924128,-9.458864197873378,-7.649834435935161,0,0
45.10000000000037,0.26273895103630124,0.356508943058282,-9.53094764670055,-7.603725584127376,0,0
45.20000000000037,0.26236538162405976,0.3566339402136748,-9.599746935223008,-7.560886998993682,0,0
45.300000000000374,0.2619929665766216,0.3567585976279089,-9.665773648557956,-7.5208071135240555,0,0
45.400000000000375,0.2616217003280586,0.35688291686014717,-9.729419538034268,-7.483094194489041,0,0
45.50000000000038,0.261251577349037,0.3570068994594819,-9.790992441120594,-7.447440422510961,0,0
45.60000000000038,0.2608825921465124,0.35713054696501906,-9.85073944518761,-7.413598728301588,0,0
45.70000000000038,0.2605147392634278,0.35725386090596106,-9.908862429421752,-7.381367250747968,0,0
45.80000000000038,0.2601480132784149,0.35737684280168874,-9.965528842360092,-7.350578559377162,0,0
45.90000000000038,0.2597824088054984,0.3574994941618427,-10.020879386770899,-7.321091969475262,0,0
46.000000000000384,0.25941792049380297,0.3576218164864036,-10.075033631735371,-7.29278793000559,0,0
46.100000000000385,0.2590545430272635,0.35774381126577215,-10.128094196701985,-7.265563839553739,0,0
46.20000000000039,0.25869227112433785,0.3578654799808473,-10.180149927894313,-7.239330869919514,0,0
46.30000000000039,0.25833109953772315,0.357986824103105,-10.231278348607335,-7.21401151582055,0,0
46.40000000000039,0.25797102305407427,0.3581078450946747,-10.281547576446314,-7.1895376776525834,0,0
46.50000000000039,0.2576120364937251,0.3582285444084165,-10.331017842696948,-7.165849142119484,0,0
46.60000000000039,0.2572541347104131,0.35834892348799635,-10.379742710277151,-7.142892364281053,0,0
46.700000000000394,0.2568973125910062,0.35846898376796127,-10.427770060255867,-7.1206194810336925,0,0
46.800000000000395,0.25654156505523257,0.3585887266738134,-10.475142898499415,-7.098987504464132,0,0
46.9000000000004,0.25618688705541265,0.35870815362208347,-10.521900020956032,-7.0779576565641005,0,0
47.0000000000004,0.25583327357619473,0.35882726602040366,-10.568076566715089,-7.057494816171411,0,0
47.1000000000004,0.25548071963429203,0.3589460652675795,-10.61370448113239,-7.037567055843924,0,0
47.2000000000004,0.25512922027822305,0.3590645527536612,-10.658812906267437,-7.018145251422196,0,0
47.3000000000004,0.2547787705880545,0.3591827298600143,-10.70342851209957,-6.999202750813139,0,0
47.400000000000404,0.2544293656751463,0.35930059795938946,-10.747575779138812,-6.9807150913787535,0,0
47.500000000000405,0.25408100068189926,0.3594181584159916,-10.791277240869785,-6.962659757492013,0,0
47.600000000000406,0.2537336707815059,0.35953541258554883,-10.834553692788681,-6.945015971499601,0,0
47.70000000000041,0.25338737117770205,0.35965236181537985,-10.877424373489706,-6.9277645126354965,0,0
47.80000000000041,0.2530420971045231,0.3597690074444612,-10.9199071222325,-6.910887559452706,0,0
47.90000000000041,0.2526978438260602,0.3598853508034943,-10.96201851661977,-6.8943685521460605,0,0
48.00000000000041,0.2523546066362211,0.3600013932149707,-11.003773993364916,-6.87819207178401,0,0
48.10000000000041,0.2520123808584916,0.3601171359932376,-11.04518795462058,-6.86234373397966,0,0
48.200000000000415,0.2516711618457,0.3602325804445625,-11.086273861922255,-6.846810094947362,0,0
48.300000000000416,0.2513309449797842,0.3603477278671973,-11.127044319462966,-6.831578568227634,0,0
48.40000000000042,0.2509917256715601,0.3604625795514414,-11.167511148142907,-6.816637350637112,0,0
48.50000000000042,0.250653499360493,0.36057713677970443,-11.207685451612331,-6.801975356225608,0,0
48.60000000000042,0.25031626151447095,0.3606914008265688,-11.247577675339883,-6.78758215720768,0,0
48.70000000000042,0.2499800076295802,0.36080537295885085,-11.287197659584475,-6.773447930990329,0,0
48.80000000000042,0.24964473322988265,0.3609190544356621,-11.326554687022863,-6.759563412545328,0,0
48.900000000000425,0.24931043386719598,0.36103244650846933,-11.36565752567599,-6.745919851482631,0,0
49.000000000000426,0.24897710512087537,0.36114555042115465,-11.404514467689072,-6.732508973270182,0,0
49.10000000000043,0.2486447425975973,0.3612583674100746,-11.443133364443687,-6.71932294412157,0,0
49.20000000000043,0.24831334193114576,0.36137089870411876,-11.481521658416781,-6.7063543391366665,0,0
49.30000000000043,0.24798289878220015,0.36148314552476807,-11.519686412147857,-6.693596113334705,0,0
49.40000000000043,0.24765340883812545,0.3615951090861519,-11.557634334626746,-6.681041575265679,0,0
49.50000000000043,0.24732486781276397,0.3617067905951058,-11.595371805379305,-6.668684362925168,0,0
49.600000000000435,0.24699727144622977,0.3618181912512272,-11.632904896488943,-6.656518421732017,0,0
49.700000000000436,0.24667061550470404,0.361929312246932,-11.670239392768122,-6.644537984357049,0,0
49.80000000000044,0.24634489578023333,0.36204015476750917,-11.707380810264503,-6.63273755221655,0,0
49.90000000000044,0.24602010809052932,0.3621507199911766,-11.744334413267621,-6.621111878465667,0,0